Timestamp,"I declare that I have read, understood, and wish to participate in the survey conducted by the ISCB Regional Student Group - Brazil.",Race/Color?,Which of the following terms do you think best describes your gender?,In which state of Brazil do you currently work/study/live?,What is your academic level?,"According to your experience, which of the options best describes you?","Among these options, which one best describes your professional profile?","Among these options, which one best describes your professional profile?","If others, which one?","Among these options, which one best describes your professional profile?","Taking into account your needs, which aspects of Bioinformatics would you most like to see in a course? [Biology knowledge]","Considering your needs, which aspects of Bioinformatics would you most like to see in a course? [Statistical methods and Data Science]","Considering your needs, which aspects of Bioinformatics would you most like to see in a course? [Computational and programming skills]","Considering your needs, which aspects of Bioinformatics would you most like to see in a course? [Ethical implications and societal repercussions of Bioinformatics]","Considering your needs, which aspects of Bioinformatics would you most like to see in a course? [Applications of Bioinformatics]","Considering your needs, which aspects of Bioinformatics would you most like to see in a course? [Communication in Bioinformatics]","Considering your needs, which aspects of Bioinformatics would you most like to see in a course? [Continuing Development in Bioinformatics]","Among the topics below, which one(s) would you like to deepen your knowledge and develop skills in Bioinformatics?","Considering your experience in the field, at what level of learning would you like to receive courses and training offered in Computational Biology?"
06/11/2023 09:53:59,Yes,I am brown-skinned,Woman/Female (Cisgender/Transgender),Rio Grande do Norte (RN),Master / Master Student,Developer,,,,Bioinformatics software developer/engineer,6,7,2,2,4,5,3,"DNA and Genomics, RNA and Transcriptomics, Epigenomics, Metabolomics and Systems Biology, Molecular Basis of Cancer, Career Mentoring in Bioinformatics",Intermediate
06/11/2023 09:54:57,Yes,I am white,Man/Male (Cisgender/Transgender),Rio Grande do Norte (RN),Bachelor / Undergraduate Student,User,Academic,,,,7,5,5,6,5,4,5,Phylogeny and Evolution,Basic
06/11/2023 10:25:05,Yes,I am white,Woman/Female (Cisgender/Transgender),São Paulo (SP),Bachelor / Undergraduate Student,User,Academic,,,,2,4,5,3,5,2,4,"DNA and Genomics, Phylogeny and Evolution, Metagenomics and Microbiome, Epigenomics, Metabolomics and Systems Biology, Artificial Intelligence and Data Science in Bioinformatics, Database and Software Development, Molecular Basis of Cancer, Personalized Medicine, Didactics and Communication in Bioinformatics","Basic, Intermediate"
06/11/2023 10:47:16,Yes,I am white,Man/Male (Cisgender/Transgender),Rio de Janeiro (RJ),Master / Master Student,Scientist,,Academic in the field of computational biology and related areas,,,1,3,7,2,2,2,7,"DNA and Genomics, Phylogeny and Evolution, Epigenomics,  Artificial Intelligence and Data Science in Bioinformatics",Advanced
06/11/2023 11:04:26,Yes,I am white,Woman/Female (Cisgender/Transgender),Pernambuco (PE),Bachelor / Undergraduate Student,User,Academic,,,,3,5,6,4,5,5,5,"DNA and Genomics, Proteins and Proteomics,  Artificial Intelligence and Data Science in Bioinformatics, Database and Software Development,  Structural Biology and Modeling",Basic
06/11/2023 11:18:09,Yes,I am white,Woman/Female (Cisgender/Transgender),Rio de Janeiro (RJ),Master / Master Student,User,Academic,,,,5,7,7,2,5,5,5,"DNA and Genomics, Phylogeny and Evolution, Metagenomics and Microbiome","Basic, Intermediate"
06/11/2023 13:02:49,Yes,I am white,Man/Male (Cisgender/Transgender),Paraná (PR),PhD / PhD Student,Scientist,,Academic in the field of computational biology and related areas,,,4,4,4,4,3,3,4,"DNA and Genomics, Phylogeny and Evolution,  Artificial Intelligence and Data Science in Bioinformatics, Database and Software Development,Career Mentoring in Bioinformatics","Intermediate, Advanced"
06/11/2023 13:10:08,Yes,I am white,Woman / Female (Cisgender),São Paulo (SP),PhD / PhD Student,User,Academic,,,,5,5,4,4,4,4,3,"DNA and Genomics, RNA and Transcriptomics, Epigenomics, Proteins and Proteomics, Personalized Medicine, Didactics and Communication in Bioinformatics",Intermediate
06/11/2023 13:12:06,Yes,I am brown-skinned,Man / Male (Cisgender),Bahia (BA),Posdoc,User,Professor,,,,5,3,4,4,5,5,5,"Phylogeny and Evolution, Metagenomics and Microbiome,  Artificial Intelligence and Data Science in Bioinformatics, Database and Software Development","Intermediate, Advanced"
06/11/2023 13:12:17,Yes,I am black,Man / Male (Cisgender),Pará (PA),Professor / PI,Scientist,,Educator in computational biology and related fields.,,,4,6,6,6,6,6,6,"DNA and Genomics, Proteins and Proteomics,  Artificial Intelligence and Data Science in Bioinformatics, Database and Software Development, Personalized Medicine, Didactics and Communication in Bioinformatics,Career Mentoring in Bioinformatics",Advanced
06/11/2023 13:12:26,Yes,I am white,Man / Male (Cisgender),Pará (PA),Bachelor / Undergraduate Student,User,Academic,,,,6,5,5,7,5,4,6,"DNA and Genomics, Proteins and Proteomics, Molecular Basis of Cancer, Personalized Medicine,  Structural Biology and Modeling",Advanced
06/11/2023 13:16:52,Yes,I am white,Man / Male (Cisgender),Pará (PA),Master / Master Student,Developer,,,,Bioinformatics software developer/engineer,7,7,7,3,5,5,7,"DNA and Genomics, Phylogeny and Evolution, Metagenomics and Microbiome, RNA and Transcriptomics, Epigenomics, Proteins and Proteomics, Metabolomics and Systems Biology,  Artificial Intelligence and Data Science in Bioinformatics, Database and Software Development, Molecular Basis of Cancer, Personalized Medicine","Intermediate, Advanced"
06/11/2023 13:17:39,Yes,I am white,Man / Male (Cisgender),Amazônas (AM),Posdoc,Scientist,,Academic in the field of computational biology and related areas,,,6,3,4,7,7,6,5,"DNA and Genomics, Phylogeny and Evolution,  Artificial Intelligence and Data Science in Bioinformatics, Database and Software Development, Didactics and Communication in Bioinformatics,Career Mentoring in Bioinformatics","Intermediate, Advanced"
06/11/2023 13:19:37,Yes,I am brown-skinned,Man / Male (Cisgender),Minas Gerais (MG),PhD / PhD Student,Scientist,,Academic in the field of computational biology and related areas,,,7,7,7,5,5,5,6,"Metagenomics and Microbiome, Epigenomics,Career Mentoring in Bioinformatics","Intermediate, Advanced"
06/11/2023 13:24:11,Yes,I am white,Woman / Female (Cisgender),Pará (PA),Bachelor / Undergraduate Student,Scientist,,Core facility scientist,,,7,7,4,3,3,3,6,"DNA and Genomics, Phylogeny and Evolution, Metagenomics and Microbiome, RNA and Transcriptomics, Proteins and Proteomics,  Artificial Intelligence and Data Science in Bioinformatics, Database and Software Development","Basic, Intermediate"
06/11/2023 13:27:44,Yes,I am brown-skinned,Man / Male (Cisgender),Pará (PA),Posdoc,User,Academic,,,,4,7,7,7,7,7,7,"DNA and Genomics, Phylogeny and Evolution, Metagenomics and Microbiome, RNA and Transcriptomics, Epigenomics, Proteins and Proteomics, Personalized Medicine,  Structural Biology and Modeling","Basic, Intermediate"
06/11/2023 13:28:15,Yes,I am white,Woman / Female (Cisgender),Espírito Santo (ES),Master / Master Student,User,Academic,,,,2,6,6,4,6,3,7,"DNA and Genomics, Phylogeny and Evolution, Metagenomics and Microbiome, Epigenomics,  Artificial Intelligence and Data Science in Bioinformatics,  Structural Biology and Modeling,Career Mentoring in Bioinformatics","Intermediate, Advanced"
06/11/2023 13:30:19,Yes,I am white,Man / Male (Cisgender),Paraná (PR),PhD / PhD Student,Scientist,,Core facility scientist,,,2,4,7,4,6,1,7,"DNA and Genomics, Metagenomics and Microbiome, RNA and Transcriptomics,  Artificial Intelligence and Data Science in Bioinformatics, Database and Software Development, Personalized Medicine,Career Mentoring in Bioinformatics","Intermediate, Advanced"
06/11/2023 13:32:04,Yes,I am brown-skinned,Man / Male (Cisgender),Bahia (BA),PhD / PhD Student,Scientist,,Academic in the field of computational biology and related areas,,,3,4,4,3,2,3,4,"DNA and Genomics, RNA and Transcriptomics,  Artificial Intelligence and Data Science in Bioinformatics, Molecular Basis of Cancer, Personalized Medicine,Career Mentoring in Bioinformatics",Intermediate
06/11/2023 13:33:38,Yes,I am white,Woman / Female (Cisgender),Rio Grande do Norte (RN),Bachelor / Undergraduate Student,User,Academic,,,,3,1,1,1,1,1,1,"DNA and Genomics, Phylogeny and Evolution, Metagenomics and Microbiome, RNA and Transcriptomics, Metabolomics and Systems Biology, Database and Software Development,  Structural Biology and Modeling",Basic
06/11/2023 13:36:38,Yes,I am white,Woman / Female (Cisgender),Minas Gerais (MG),Posdoc,User,Academic,,,,7,5,5,5,6,6,6,"DNA and Genomics, RNA and Transcriptomics, Proteins and Proteomics,  Artificial Intelligence and Data Science in Bioinformatics, Didactics and Communication in Bioinformatics,  Structural Biology and Modeling",Intermediate
06/11/2023 13:36:47,Yes,I am white,Woman / Female (Cisgender),Rio de Janeiro (RJ),Master / Master Student,Scientist,,Academic in the field of computational biology and related areas,,,1,7,5,5,6,5,5,"Metagenomics and Microbiome,  Artificial Intelligence and Data Science in Bioinformatics",Advanced
06/11/2023 13:44:36,Yes,I am brown-skinned,Man / Male (Cisgender),Paraná (PR),PhD / PhD Student,User,Academic,,,,7,6,6,2,2,2,6,"DNA and Genomics, Proteins and Proteomics, Metabolomics and Systems Biology,  Structural Biology and Modeling",Basic
06/11/2023 13:48:52,Yes,I prefer not to answer,Man / Male (Cisgender),Resido fora do Brasil,PhD / PhD Student,Scientist,,Academic in the field of computational biology and related areas,,,4,7,6,5,5,6,7,"Metagenomics and Microbiome, Epigenomics, Metabolomics and Systems Biology,  Artificial Intelligence and Data Science in Bioinformatics,Career Mentoring in Bioinformatics","Intermediate, Advanced"
06/11/2023 14:03:40,Yes,I am brown-skinned,Woman / Female (Cisgender),Rio de Janeiro (RJ),Posdoc,Scientist,,Educator in computational biology and related fields.,,,7,5,4,6,6,6,5,"DNA and Genomics, Phylogeny and Evolution, Metagenomics and Microbiome, RNA and Transcriptomics, Epigenomics, Proteins and Proteomics, Metabolomics and Systems Biology, Database and Software Development, Molecular Basis of Cancer,Career Mentoring in Bioinformatics",Advanced
06/11/2023 14:04:59,Yes,I am brown-skinned,Woman / Female (Cisgender),Sergipe (SE),Professor / PI,Scientist,,Academic in the field of computational biology and related areas,,,5,7,7,7,7,7,7,"Database and Software Development, Molecular Basis of Cancer, Didactics and Communication in Bioinformatics,Career Mentoring in Bioinformatics","Basic, Intermediate"
06/11/2023 14:05:11,Yes,I am black,Woman / Female (Cisgender),São Paulo (SP),Bachelor / Undergraduate Student,User,Academic,,,,7,7,6,6,5,5,7,"DNA and Genomics, Phylogeny and Evolution, Metagenomics and Microbiome, RNA and Transcriptomics, Epigenomics, Proteins and Proteomics, Metabolomics and Systems Biology,  Artificial Intelligence and Data Science in Bioinformatics, Database and Software Development, Molecular Basis of Cancer, Personalized Medicine,  Structural Biology and Modeling","Basic, Intermediate, Advanced"
06/11/2023 14:07:08,Yes,I am brown-skinned,I prefer not to answer,São Paulo (SP),Bachelor / Undergraduate Student,Developer,,,,Bioinformatics software developer/engineer,5,5,5,6,7,5,5,"DNA and Genomics, Metagenomics and Microbiome,  Artificial Intelligence and Data Science in Bioinformatics, Database and Software Development",Intermediate
06/11/2023 14:07:51,Yes,I am white,Woman / Female (Cisgender),Paraná (PR),Posdoc,User,Academic,,,,5,2,2,5,5,3,3,"DNA and Genomics, Phylogeny and Evolution, Metagenomics and Microbiome,Career Mentoring in Bioinformatics",Basic
06/11/2023 14:11:05,Yes,I am brown-skinned,Woman / Female (Cisgender),Resido fora do Brasil,PhD / PhD Student,Scientist,,Academic in the field of computational biology and related areas,,,6,2,1,3,3,3,3,"DNA and Genomics, Proteins and Proteomics,  Artificial Intelligence and Data Science in Bioinformatics, Didactics and Communication in Bioinformatics,Career Mentoring in Bioinformatics","Basic, Intermediate, Advanced"
06/11/2023 14:13:31,Yes,I am white,Man / Male (Cisgender),Rio Grande do Norte (RN),PhD / PhD Student,Developer,,,,Bioinformatics software developer/engineer,5,3,7,1,6,6,7,"DNA and Genomics, Phylogeny and Evolution, RNA and Transcriptomics, Epigenomics, Proteins and Proteomics,  Artificial Intelligence and Data Science in Bioinformatics",Advanced
06/11/2023 14:13:43,Yes,I am brown-skinned,Woman / Female (Cisgender),São Paulo (SP),Master / Master Student,User,Academic,,,,5,7,7,1,3,3,6,"DNA and Genomics, RNA and Transcriptomics, Proteins and Proteomics, Personalized Medicine,  Structural Biology and Modeling","Basic, Intermediate"
06/11/2023 14:17:43,Yes,I am white,Woman / Female (Cisgender),São Paulo (SP),Bachelor / Undergraduate Student,Scientist,,Academic in the field of computational biology and related areas,,,2,7,7,5,5,6,6,"DNA and Genomics, Phylogeny and Evolution, RNA and Transcriptomics,  Artificial Intelligence and Data Science in Bioinformatics, Database and Software Development, Personalized Medicine, Didactics and Communication in Bioinformatics,  Structural Biology and Modeling,Career Mentoring in Bioinformatics",Intermediate
06/11/2023 14:18:10,Yes,I am brown-skinned,Man / Male (Cisgender),São Paulo (SP),Bachelor / Undergraduate Student,Developer,,,,Bioinformatics software developer/engineer,4,6,7,4,5,5,7,"DNA and Genomics, Metagenomics and Microbiome,  Artificial Intelligence and Data Science in Bioinformatics",Advanced
06/11/2023 14:19:22,Yes,I am white,Woman / Female (Cisgender),Minas Gerais (MG),Posdoc,User,Academic,,,,1,7,5,1,1,1,1,"Phylogeny and Evolution, Epigenomics, Proteins and Proteomics,  Structural Biology and Modeling",Advanced
06/11/2023 14:22:22,Yes,I am brown-skinned,Man / Male (Cisgender),São Paulo (SP),Master / Master Student,User,Academic,,,,7,7,7,6,1,1,1,"DNA and Genomics, RNA and Transcriptomics, Epigenomics, Proteins and Proteomics",Intermediate
06/11/2023 14:24:37,Yes,I am white,Man / Male (Cisgender),São Paulo (SP),Bachelor / Undergraduate Student,User,Academic,,,,7,5,7,6,7,6,7,"DNA and Genomics, Proteins and Proteomics, Molecular Basis of Cancer",Basic
06/11/2023 14:26:25,Yes,I am yellow,Man / Male (Cisgender),São Paulo (SP),Professor / PI,Developer,,,,Bioinformatics software developer/engineer,7,7,7,6,7,7,7," Artificial Intelligence and Data Science in Bioinformatics, Personalized Medicine,Career Mentoring in Bioinformatics",Advanced
06/11/2023 14:30:45,Yes,I am brown-skinned,Man / Male (Cisgender),Minas Gerais (MG),Posdoc,Scientist,,Academic in the field of computational biology and related areas,,,1,1,5,1,5,1,6,"Epigenomics, Metabolomics and Systems Biology,  Artificial Intelligence and Data Science in Bioinformatics, Database and Software Development, Personalized Medicine,Career Mentoring in Bioinformatics",Advanced
06/11/2023 14:32:03,Yes,I prefer not to answer,Woman / Female (Cisgender),Bahia (BA),Bachelor / Undergraduate Student,User,Academic,,,,1,6,6,5,6,5,6,"DNA and Genomics, Phylogeny and Evolution, RNA and Transcriptomics, Proteins and Proteomics, Database and Software Development,  Structural Biology and Modeling","Basic, Intermediate"
06/11/2023 14:33:00,Yes,I am white,Man / Male (Cisgender),Minas Gerais (MG),PhD / PhD Student,User,Clinical Analysis,,,,5,7,5,4,7,7,7,"DNA and Genomics, RNA and Transcriptomics, Molecular Basis of Cancer,  Structural Biology and Modeling","Basic, Intermediate, Advanced"
06/11/2023 14:34:59,Yes,I am brown-skinned,Woman / Female (Cisgender),Paraná (PR),Posdoc,Developer,,,,Bioinformatics software developer/engineer,1,3,1,1,1,1,2,"Metagenomics and Microbiome, Epigenomics,  Artificial Intelligence and Data Science in Bioinformatics",Advanced
06/11/2023 14:37:24,Yes,I am white,Man / Male (Cisgender),Minas Gerais (MG),Posdoc,Scientist,,Academic in the field of computational biology and related areas,,,5,7,7,3,6,3,7,"DNA and Genomics, Phylogeny and Evolution, Metagenomics and Microbiome, RNA and Transcriptomics,  Artificial Intelligence and Data Science in Bioinformatics, Database and Software Development",Advanced
06/11/2023 14:41:55,Yes,I am white,Man / Male (Cisgender),Goiás (GO),PhD / PhD Student,User,Academic,,,,7,7,4,1,7,4,7,"Proteins and Proteomics, Metabolomics and Systems Biology,  Artificial Intelligence and Data Science in Bioinformatics, Database and Software Development,  Structural Biology and Modeling",Intermediate
06/11/2023 14:43:48,Yes,I am white,Man / Male (Cisgender),São Paulo (SP),Bachelor / Undergraduate Student,User,Academic,,,,3,7,7,5,6,7,7,"DNA and Genomics, RNA and Transcriptomics,  Artificial Intelligence and Data Science in Bioinformatics, Database and Software Development, Didactics and Communication in Bioinformatics,  Structural Biology and Modeling,Career Mentoring in Bioinformatics",Intermediate
06/11/2023 14:44:33,Yes,I am white,Woman / Female (Cisgender),Minas Gerais (MG),PhD / PhD Student,User,Academic,,,,3,6,6,6,6,6,6,"DNA and Genomics, Phylogeny and Evolution, Epigenomics",Basic
06/11/2023 14:44:43,Yes,I am white,Man / Male (Cisgender),Paraná (PR),Bachelor / Undergraduate Student,User,Academic,,,,1,6,6,4,4,4,5,"DNA and Genomics, Metagenomics and Microbiome, RNA and Transcriptomics,  Artificial Intelligence and Data Science in Bioinformatics, Molecular Basis of Cancer,Career Mentoring in Bioinformatics","Intermediate, Advanced"
06/11/2023 14:45:02,Yes,I am white,Woman / Female (Cisgender),São Paulo (SP),PhD / PhD Student,User,Academic,,,,2,4,4,4,6,6,7,"DNA and Genomics, RNA and Transcriptomics, Database and Software Development, Molecular Basis of Cancer,  Structural Biology and Modeling",Intermediate
06/11/2023 14:52:32,Yes,I am white,Woman / Female (Cisgender),Paraná (PR),PhD / PhD Student,User,Academic,,,,5,5,4,3,5,3,3,"Metagenomics and Microbiome, Database and Software Development, Didactics and Communication in Bioinformatics",Intermediate
06/11/2023 14:54:40,Yes,I am white,Woman / Female (Cisgender),Paraná (PR),Professor / PI,Scientist,,Academic in the field of computational biology and related areas,,,1,6,2,5,6,7,7,"RNA and Transcriptomics, Epigenomics, Proteins and Proteomics,  Artificial Intelligence and Data Science in Bioinformatics, Database and Software Development, Personalized Medicine",Advanced
06/11/2023 14:55:27,Yes,I am brown-skinned,Woman / Female (Cisgender),São Paulo (SP),Posdoc,Scientist,,Academic in the field of computational biology and related areas,,,7,5,5,6,6,6,7,"Metagenomics and Microbiome, Epigenomics, Proteins and Proteomics, Database and Software Development, Didactics and Communication in Bioinformatics,Career Mentoring in Bioinformatics",Advanced
06/11/2023 15:05:41,Yes,I prefer not to answer,I prefer not to answer,Rio Grande do Sul (RS),Master / Master Student,Scientist,,Academic in the field of computational biology and related areas,,,1,7,3,2,7,2,7,"RNA and Transcriptomics,  Artificial Intelligence and Data Science in Bioinformatics, Database and Software Development, Personalized Medicine,Career Mentoring in Bioinformatics","Intermediate, Advanced"
06/11/2023 15:06:45,Yes,I am brown-skinned,Woman / Female (Cisgender),Resido fora do Brasil,PhD / PhD Student,Scientist,,Academic in the field of computational biology and related areas,,,5,6,6,5,5,5,6,"Proteins and Proteomics,  Artificial Intelligence and Data Science in Bioinformatics, Database and Software Development, Molecular Basis of Cancer, Personalized Medicine,  Structural Biology and Modeling","Intermediate, Advanced"
06/11/2023 15:07:08,Yes,I am white,Woman / Female (Cisgender),Resido fora do Brasil,Master / Master Student,Developer,,,,Bioinformatics software developer/engineer,3,3,3,2,3,2,2," Artificial Intelligence and Data Science in Bioinformatics, Database and Software Development, Personalized Medicine, Didactics and Communication in Bioinformatics,Career Mentoring in Bioinformatics","Intermediate, Advanced"
06/11/2023 15:08:36,Yes,I prefer not to answer,I prefer not to answer,São Paulo (SP),Professor / PI,Developer,,,,Bioinformatics software developer/engineer,5,6,2,4,6,2,2,"DNA and Genomics, Metagenomics and Microbiome, RNA and Transcriptomics, Epigenomics,Career Mentoring in Bioinformatics",Advanced
06/11/2023 15:09:04,Yes,I am white,Woman / Female (Cisgender),Resido fora do Brasil,Posdoc,Scientist,,Educator in computational biology and related fields.,,,1,3,1,1,3,3,3,"Epigenomics,  Artificial Intelligence and Data Science in Bioinformatics",Advanced
06/11/2023 15:12:39,Yes,I am black,Man / Male (Cisgender),Resido fora do Brasil,Master / Master Student,User,Professor,,,,5,5,5,5,5,5,5,"Metabolomics and Systems Biology,  Artificial Intelligence and Data Science in Bioinformatics, Database and Software Development, Personalized Medicine, Didactics and Communication in Bioinformatics",Basic
06/11/2023 15:16:23,Yes,I am white,Man / Male (Cisgender),Rio Grande do Norte (RN),Master / Master Student,Developer,,,,Bioinformatics software developer/engineer,2,7,5,2,2,2,7,"Metagenomics and Microbiome, RNA and Transcriptomics,  Artificial Intelligence and Data Science in Bioinformatics",Advanced
06/11/2023 15:17:17,Yes,I am black,Man / Male (Cisgender),Minas Gerais (MG),PhD / PhD Student,Scientist,,Academic in the field of computational biology and related areas,,,7,7,7,7,7,7,7,"DNA and Genomics, RNA and Transcriptomics, Epigenomics, Metabolomics and Systems Biology,  Artificial Intelligence and Data Science in Bioinformatics, Database and Software Development, Molecular Basis of Cancer,  Structural Biology and Modeling,Career Mentoring in Bioinformatics","Basic, Intermediate, Advanced"
06/11/2023 15:19:53,Yes,I am white,Man / Male (Cisgender),Rio de Janeiro (RJ),Posdoc,User,Clinical Analysis,,,,6,3,4,3,6,4,5,"DNA and Genomics, Phylogeny and Evolution, Metagenomics and Microbiome, Molecular Basis of Cancer, Personalized Medicine","Basic, Intermediate"
06/11/2023 15:20:52,Yes,I am black,Man / Male (Cisgender),Maranhão (MA),Master / Master Student,User,Professor,,,,3,7,7,5,5,5,5,"DNA and Genomics, Phylogeny and Evolution, Epigenomics,  Artificial Intelligence and Data Science in Bioinformatics, Didactics and Communication in Bioinformatics",Basic
06/11/2023 15:23:25,No,,,,,,,,,,,,,,,,,,
06/11/2023 15:24:16,Yes,I am white,Man / Male (Cisgender),Rio de Janeiro (RJ),Professor / PI,User,Academic,,,,3,4,5,2,4,5,5,"Phylogeny and Evolution, Proteins and Proteomics,  Artificial Intelligence and Data Science in Bioinformatics, Molecular Basis of Cancer, Personalized Medicine,  Structural Biology and Modeling",Advanced
06/11/2023 15:30:29,Yes,I am brown-skinned,Woman / Female (Cisgender),Minas Gerais (MG),Posdoc,User,Academic,,,,5,7,7,7,7,7,7,"DNA and Genomics, Metagenomics and Microbiome, RNA and Transcriptomics, Proteins and Proteomics,  Artificial Intelligence and Data Science in Bioinformatics, Database and Software Development, Personalized Medicine, Didactics and Communication in Bioinformatics,  Structural Biology and Modeling,Career Mentoring in Bioinformatics","Basic, Intermediate, Advanced"
06/11/2023 15:42:40,Yes,I prefer not to answer,I prefer not to answer,Rio de Janeiro (RJ),Posdoc,Scientist,,Academic in the field of computational biology and related areas,,,3,6,6,3,5,4,4,"DNA and Genomics, Phylogeny and Evolution, Metagenomics and Microbiome, RNA and Transcriptomics, Metabolomics and Systems Biology, Database and Software Development","Intermediate, Advanced"
06/11/2023 15:42:50,Yes,I am white,Woman / Female (Cisgender),Ceará (CE),Master / Master Student,User,Professor,,,,7,7,7,6,7,7,7,"DNA and Genomics, Phylogeny and Evolution, Metagenomics and Microbiome, Epigenomics, Proteins and Proteomics, Metabolomics and Systems Biology,  Artificial Intelligence and Data Science in Bioinformatics, Database and Software Development",Basic
06/11/2023 15:44:24,Yes,I am white,Man / Male (Cisgender),Paraná (PR),PhD / PhD Student,Scientist,,Academic in the field of computational biology and related areas,,,4,7,6,6,6,6,6,"Metagenomics and Microbiome, RNA and Transcriptomics, Epigenomics, Proteins and Proteomics, Metabolomics and Systems Biology,  Artificial Intelligence and Data Science in Bioinformatics, Database and Software Development, Molecular Basis of Cancer, Personalized Medicine,Career Mentoring in Bioinformatics",Intermediate
06/11/2023 15:55:18,Yes,I am white,Woman / Female (Cisgender),São Paulo (SP),Bachelor / Undergraduate Student,User,Clinical Analysis,,,,7,6,4,5,7,7,7,"DNA and Genomics, Metagenomics and Microbiome, RNA and Transcriptomics, Epigenomics, Molecular Basis of Cancer","Basic, Intermediate, Advanced"
06/11/2023 15:59:57,Yes,I am brown-skinned,Man / Male (Cisgender),Santa Catarina (SC),Bachelor / Undergraduate Student,User,Academic,,,,4,7,6,1,6,1,3,"RNA and Transcriptomics, Epigenomics, Proteins and Proteomics,  Artificial Intelligence and Data Science in Bioinformatics, Molecular Basis of Cancer, Personalized Medicine,  Structural Biology and Modeling",Intermediate
06/11/2023 16:06:03,Yes,I am white,Man / Male (Cisgender),São Paulo (SP),Bachelor / Undergraduate Student,User,Academic,,,,7,7,7,5,6,6,7,"DNA and Genomics, Metagenomics and Microbiome, RNA and Transcriptomics, Epigenomics, Proteins and Proteomics, Metabolomics and Systems Biology,  Artificial Intelligence and Data Science in Bioinformatics, Molecular Basis of Cancer, Personalized Medicine,  Structural Biology and Modeling,Career Mentoring in Bioinformatics","Basic, Intermediate, Advanced"
06/11/2023 16:11:08,Yes,I am white,Woman / Female (Cisgender),Minas Gerais (MG),PhD / PhD Student,User,Academic,,,,7,7,7,7,7,7,7,"DNA and Genomics, RNA and Transcriptomics, Epigenomics, Molecular Basis of Cancer, Personalized Medicine",Basic
06/11/2023 16:12:14,Yes,I am brown-skinned,Man / Male (Cisgender),São Paulo (SP),Master / Master Student,User,Academic,,,,5,4,4,3,6,5,4,"Proteins and Proteomics,  Structural Biology and Modeling","Basic, Intermediate"
06/11/2023 16:14:07,Yes,I am brown-skinned,Man / Male (Cisgender),Ceará (CE),PhD / PhD Student,Scientist,,Core facility scientist,,,7,7,7,2,2,2,2,"DNA and Genomics, RNA and Transcriptomics, Epigenomics, Proteins and Proteomics,  Artificial Intelligence and Data Science in Bioinformatics, Database and Software Development,  Structural Biology and Modeling",Intermediate
06/11/2023 16:15:02,Yes,I am white,Man / Male (Cisgender),Minas Gerais (MG),Master / Master Student,User,Professor,,,,7,7,2,2,4,4,4,"DNA and Genomics, Epigenomics, Proteins and Proteomics, Molecular Basis of Cancer, Personalized Medicine",Basic
06/11/2023 16:18:47,Yes,I am white,Man / Male (Cisgender),Pernambuco (PE),Bachelor / Undergraduate Student,User,Academic,,,,6,7,7,5,6,4,5,"DNA and Genomics, Phylogeny and Evolution, RNA and Transcriptomics,  Artificial Intelligence and Data Science in Bioinformatics, Database and Software Development","Intermediate, Advanced"
06/11/2023 16:23:33,Yes,I am white,Woman / Female (Cisgender),Pará (PA),Master / Master Student,User,Academic,,,,2,1,1,2,7,4,7,"DNA and Genomics, Phylogeny and Evolution, Metagenomics and Microbiome, RNA and Transcriptomics, Proteins and Proteomics","Basic, Intermediate"
06/11/2023 16:26:51,Yes,I am brown-skinned,Man / Male (Transgender),Santa Catarina (SC),Bachelor / Undergraduate Student,User,Academic,,,,3,7,7,4,7,7,7,"DNA and Genomics, RNA and Transcriptomics,  Artificial Intelligence and Data Science in Bioinformatics,Career Mentoring in Bioinformatics",Intermediate
06/11/2023 16:27:00,Yes,I am black,Woman / Female (Cisgender),Bahia (BA),Bachelor / Undergraduate Student,Scientist,,Academic in the field of computational biology and related areas,,,3,3,3,3,3,3,3,"DNA and Genomics, RNA and Transcriptomics, Epigenomics,  Artificial Intelligence and Data Science in Bioinformatics, Molecular Basis of Cancer, Personalized Medicine, Didactics and Communication in Bioinformatics","Basic, Intermediate, Advanced"
06/11/2023 16:30:00,Yes,I am white,Man / Male (Cisgender),São Paulo (SP),Professor / PI,User,Academic,,,,1,5,7,5,4,4,6,"DNA and Genomics, Metagenomics and Microbiome, RNA and Transcriptomics, Epigenomics","Intermediate, Advanced"
06/11/2023 16:32:36,Yes,I am white,Woman / Female (Cisgender),Santa Catarina (SC),PhD / PhD Student,Scientist,,Academic in the field of computational biology and related areas,,,7,7,7,4,7,5,4," Artificial Intelligence and Data Science in Bioinformatics, Database and Software Development,  Structural Biology and Modeling,Career Mentoring in Bioinformatics",Advanced
06/11/2023 16:35:52,Yes,I am brown-skinned,Man / Male (Cisgender),São Paulo (SP),PhD / PhD Student,Scientist,,Academic in the field of computational biology and related areas,,,5,7,5,7,7,7,6,"DNA and Genomics, RNA and Transcriptomics, Epigenomics, Proteins and Proteomics, Metabolomics and Systems Biology,  Artificial Intelligence and Data Science in Bioinformatics, Molecular Basis of Cancer, Personalized Medicine, Didactics and Communication in Bioinformatics,Career Mentoring in Bioinformatics",Intermediate
06/11/2023 16:37:11,Yes,I am brown-skinned,Woman / Female (Cisgender),Pará (PA),PhD / PhD Student,User,Academic,,,,3,3,3,2,2,2,3,"DNA and Genomics, Phylogeny and Evolution, Metagenomics and Microbiome, RNA and Transcriptomics, Database and Software Development",Advanced
06/11/2023 16:37:26,Yes,I am white,Man / Male (Cisgender),Santa Catarina (SC),Bachelor / Undergraduate Student,User,Academic,,,,4,7,7,3,7,3,4,"DNA and Genomics, Phylogeny and Evolution, Metagenomics and Microbiome,  Artificial Intelligence and Data Science in Bioinformatics",Advanced
06/11/2023 16:41:40,Yes,I am white,Man / Male (Cisgender),São Paulo (SP),Posdoc,User,Academic,,,,7,7,7,7,7,7,7,"DNA and Genomics, Phylogeny and Evolution, Epigenomics, Proteins and Proteomics, Molecular Basis of Cancer,Career Mentoring in Bioinformatics","Intermediate, Advanced"
06/11/2023 16:43:18,Yes,I am brown-skinned,Man / Male (Cisgender),Rio de Janeiro (RJ),Posdoc,User,Clinical Analysis,,,,7,7,7,6,7,6,7,"RNA and Transcriptomics, Epigenomics, Metabolomics and Systems Biology,  Artificial Intelligence and Data Science in Bioinformatics, Molecular Basis of Cancer","Basic, Intermediate, Advanced"
06/11/2023 16:43:23,Yes,I am white,Woman / Female (Cisgender),Minas Gerais (MG),PhD / PhD Student,User,Academic,,,,3,1,1,1,2,1,1,"DNA and Genomics, Phylogeny and Evolution, Metagenomics and Microbiome",Basic
06/11/2023 16:45:14,Yes,I am black,Woman / Female (Cisgender),Rio de Janeiro (RJ),Master / Master Student,Scientist,,Academic in the field of computational biology and related areas,,,7,7,7,3,5,4,2,"DNA and Genomics, Phylogeny and Evolution, Metagenomics and Microbiome, Proteins and Proteomics, Database and Software Development,Career Mentoring in Bioinformatics","Basic, Intermediate, Advanced"
06/11/2023 16:53:32,Yes,I am brown-skinned,Man / Male (Cisgender),Pará (PA),Master / Master Student,User,Academic,,,,7,7,7,6,7,7,7,"DNA and Genomics, Metagenomics and Microbiome, RNA and Transcriptomics, Epigenomics, Proteins and Proteomics, Metabolomics and Systems Biology, Molecular Basis of Cancer, Didactics and Communication in Bioinformatics,  Structural Biology and Modeling","Basic, Intermediate, Advanced"
06/11/2023 17:09:31,Yes,I am white,Man / Male (Cisgender),Rio Grande do Sul (RS),PhD / PhD Student,Scientist,,Academic in the field of computational biology and related areas,,,3,7,7,3,3,4,4,"DNA and Genomics, Phylogeny and Evolution, Metagenomics and Microbiome, RNA and Transcriptomics,  Artificial Intelligence and Data Science in Bioinformatics,  Structural Biology and Modeling",Intermediate
06/11/2023 17:14:28,Yes,I am brown-skinned,Woman / Female (Cisgender),Espírito Santo (ES),PhD / PhD Student,User,Academic,,,,1,3,3,2,3,3,3,"Metabolomics and Systems Biology,  Artificial Intelligence and Data Science in Bioinformatics, Molecular Basis of Cancer,  Structural Biology and Modeling","Basic, Intermediate"
06/11/2023 17:18:03,Yes,I am brown-skinned,Woman / Female (Cisgender),Santa Catarina (SC),Bachelor / Undergraduate Student,Scientist,,Academic in the field of computational biology and related areas,,,5,6,6,7,7,7,7,"DNA and Genomics, Metagenomics and Microbiome, RNA and Transcriptomics, Epigenomics, Metabolomics and Systems Biology,  Artificial Intelligence and Data Science in Bioinformatics, Database and Software Development, Personalized Medicine, Didactics and Communication in Bioinformatics,Career Mentoring in Bioinformatics","Basic, Intermediate, Advanced"
06/11/2023 17:29:31,Yes,I am white,Man / Male (Cisgender),São Paulo (SP),Master / Master Student,Scientist,,Academic in the field of computational biology and related areas,,,3,6,5,4,6,3,5,"DNA and Genomics,  Artificial Intelligence and Data Science in Bioinformatics, Database and Software Development,Career Mentoring in Bioinformatics",Intermediate
06/11/2023 17:34:27,Yes,I am brown-skinned,Woman / Female (Cisgender),Pernambuco (PE),Master / Master Student,User,Academic,,,,4,7,7,4,5,6,6,"DNA and Genomics, Metagenomics and Microbiome, RNA and Transcriptomics,  Artificial Intelligence and Data Science in Bioinformatics, Database and Software Development, Molecular Basis of Cancer,  Structural Biology and Modeling,Career Mentoring in Bioinformatics",Basic
06/11/2023 17:36:25,Yes,I am white,Woman / Female (Cisgender),Rio Grande do Sul (RS),PhD / PhD Student,Scientist,,Academic in the field of computational biology and related areas,,,5,4,5,5,5,5,5,"Proteins and Proteomics, Metabolomics and Systems Biology,  Artificial Intelligence and Data Science in Bioinformatics, Molecular Basis of Cancer, Personalized Medicine, Didactics and Communication in Bioinformatics,  Structural Biology and Modeling,Career Mentoring in Bioinformatics",Intermediate
06/11/2023 17:44:28,Yes,I am white,Woman / Female (Cisgender),São Paulo (SP),PhD / PhD Student,User,Academic,,,,7,6,1,6,1,1,1,Metagenomics and Microbiome,Basic
06/11/2023 17:52:36,Yes,I am brown-skinned,Man / Male (Cisgender),Rio Grande do Sul (RS),Master / Master Student,User,Academic,,,,5,7,7,4,6,4,6,"DNA and Genomics, RNA and Transcriptomics, Epigenomics,  Artificial Intelligence and Data Science in Bioinformatics, Molecular Basis of Cancer, Personalized Medicine",Basic
06/11/2023 18:08:47,Yes,I am white,Man / Male (Cisgender),Minas Gerais (MG),Bachelor / Undergraduate Student,User,Especialista em ética,,,,4,7,7,4,7,4,6,"DNA and Genomics, Phylogeny and Evolution, Metagenomics and Microbiome, RNA and Transcriptomics, Epigenomics,  Artificial Intelligence and Data Science in Bioinformatics, Database and Software Development, Personalized Medicine,  Structural Biology and Modeling",Basic
06/11/2023 18:12:51,Yes,I am white,Man / Male (Cisgender),São Paulo (SP),Bachelor / Undergraduate Student,Scientist,,"
Biomedical informatician",,,6,6,7,5,5,5,6,"DNA and Genomics, Phylogeny and Evolution, Metagenomics and Microbiome, RNA and Transcriptomics, Epigenomics, Proteins and Proteomics, Metabolomics and Systems Biology,  Artificial Intelligence and Data Science in Bioinformatics, Database and Software Development, Molecular Basis of Cancer, Personalized Medicine, Didactics and Communication in Bioinformatics,  Structural Biology and Modeling,Career Mentoring in Bioinformatics",Intermediate
06/11/2023 18:16:46,Yes,I am white,Man / Male (Cisgender),Rio de Janeiro (RJ),Master / Master Student,Scientist,,Academic in the field of computational biology and related areas,,,5,6,4,3,1,1,2,"Proteins and Proteomics,  Structural Biology and Modeling",Advanced
06/11/2023 18:18:16,Yes,I am brown-skinned,Man / Male (Cisgender),Pará (PA),Bachelor / Undergraduate Student,Scientist,,Academic in the field of computational biology and related areas,,,7,7,7,5,6,5,6,"DNA and Genomics, Metagenomics and Microbiome, RNA and Transcriptomics, Metabolomics and Systems Biology,  Artificial Intelligence and Data Science in Bioinformatics, Database and Software Development, Personalized Medicine,  Structural Biology and Modeling,Career Mentoring in Bioinformatics","Basic, Intermediate, Advanced"
06/11/2023 18:18:17,Yes,I am white,Man / Male (Cisgender),Rio de Janeiro (RJ),Master / Master Student,Scientist,,Academic in the field of computational biology and related areas,,,4,4,4,2,3,3,4,"DNA and Genomics, Phylogeny and Evolution, Metagenomics and Microbiome, RNA and Transcriptomics, Epigenomics, Proteins and Proteomics,  Structural Biology and Modeling","Basic, Intermediate, Advanced"
06/11/2023 18:31:50,Yes,I am white,Man / Male (Cisgender),Resido fora do Brasil,Posdoc,User,Academic,,,,4,5,5,7,5,5,7,"Phylogeny and Evolution, Proteins and Proteomics, Metabolomics and Systems Biology,  Artificial Intelligence and Data Science in Bioinformatics, Database and Software Development,  Structural Biology and Modeling","Intermediate, Advanced"
06/11/2023 18:48:33,Yes,I am white,Woman / Female (Cisgender),Paraná (PR),PhD / PhD Student,Scientist,,Academic in the field of computational biology and related areas,,,6,7,6,5,3,3,4,"DNA and Genomics, Phylogeny and Evolution, RNA and Transcriptomics, Epigenomics,  Artificial Intelligence and Data Science in Bioinformatics",Intermediate
06/11/2023 18:52:31,Yes,I am white,Woman / Female (Cisgender),Rio Grande do Sul (RS),PhD / PhD Student,User,Academic,,,,1,7,6,1,6,5,5," Artificial Intelligence and Data Science in Bioinformatics,Career Mentoring in Bioinformatics",Intermediate
06/11/2023 19:01:31,Yes,I am white,Man / Male (Cisgender),Minas Gerais (MG),PhD / PhD Student,User,Academic,,,,1,7,7,6,7,7,7,"DNA and Genomics, Metagenomics and Microbiome, RNA and Transcriptomics, Epigenomics, Proteins and Proteomics, Metabolomics and Systems Biology,  Artificial Intelligence and Data Science in Bioinformatics, Didactics and Communication in Bioinformatics,  Structural Biology and Modeling,Career Mentoring in Bioinformatics",Intermediate
06/11/2023 19:02:03,Yes,I am brown-skinned,Man / Male (Cisgender),São Paulo (SP),Posdoc,User,Academic,,,,2,7,7,2,4,7,7,"RNA and Transcriptomics, Proteins and Proteomics",Basic
06/11/2023 19:02:12,Yes,I am brown-skinned,Man / Male (Cisgender),Rio Grande do Sul (RS),Bachelor / Undergraduate Student,Scientist,,Academic in the field of computational biology and related areas,,,6,7,7,7,7,7,7,"DNA and Genomics, Phylogeny and Evolution, Metagenomics and Microbiome, RNA and Transcriptomics, Epigenomics, Proteins and Proteomics, Metabolomics and Systems Biology,  Artificial Intelligence and Data Science in Bioinformatics, Molecular Basis of Cancer, Personalized Medicine, Didactics and Communication in Bioinformatics,  Structural Biology and Modeling,Career Mentoring in Bioinformatics",Intermediate
06/11/2023 19:04:32,Yes,I am white,Man / Male (Cisgender),São Paulo (SP),Bachelor / Undergraduate Student,Developer,,,,Bioinformatics software developer/engineer,5,7,7,2,7,7,7,"DNA and Genomics, RNA and Transcriptomics,  Artificial Intelligence and Data Science in Bioinformatics, Database and Software Development",Advanced
06/11/2023 19:09:37,Yes,I am white,Man / Male (Cisgender),Rondônia (RO),Bachelor / Undergraduate Student,User,Clinical Analysis,,,,7,7,2,3,6,6,6,"DNA and Genomics, Phylogeny and Evolution, Metagenomics and Microbiome, RNA and Transcriptomics, Epigenomics, Proteins and Proteomics, Metabolomics and Systems Biology,  Artificial Intelligence and Data Science in Bioinformatics, Molecular Basis of Cancer,  Structural Biology and Modeling","Basic, Intermediate, Advanced"
06/11/2023 19:22:23,Yes,I am white,Woman / Female (Cisgender),Rio Grande do Sul (RS),PhD / PhD Student,Scientist,,Academic in the field of computational biology and related areas,,,2,7,7,2,2,2,7,"RNA and Transcriptomics, Metabolomics and Systems Biology,  Artificial Intelligence and Data Science in Bioinformatics, Database and Software Development,Career Mentoring in Bioinformatics",Advanced
06/11/2023 19:27:40,Yes,I am white,Man / Male (Cisgender),Paraná (PR),PhD / PhD Student,Scientist,,Computer scientist,,,5,7,5,6,7,4,4,"DNA and Genomics, RNA and Transcriptomics, Epigenomics, Proteins and Proteomics,  Structural Biology and Modeling","Basic, Intermediate, Advanced"
06/11/2023 19:36:02,Yes,I am brown-skinned,Man / Male (Cisgender),São Paulo (SP),PhD / PhD Student,Scientist,,Academic in the field of computational biology and related areas,,,1,5,5,2,7,5,5,"Phylogeny and Evolution, Metagenomics and Microbiome, RNA and Transcriptomics, Epigenomics, Proteins and Proteomics, Metabolomics and Systems Biology,  Artificial Intelligence and Data Science in Bioinformatics,  Structural Biology and Modeling","Intermediate, Advanced"
06/11/2023 19:41:21,Yes,I am white,Woman / Female (Cisgender),São Paulo (SP),PhD / PhD Student,Scientist,,Academic in the field of computational biology and related areas,,,6,7,7,7,7,7,7,"DNA and Genomics,  Artificial Intelligence and Data Science in Bioinformatics, Database and Software Development, Didactics and Communication in Bioinformatics,Career Mentoring in Bioinformatics","Intermediate, Advanced"
06/11/2023 19:45:01,Yes,I am white,Woman / Female (Cisgender),São Paulo (SP),Bachelor / Undergraduate Student,User,Academic,,,,7,4,7,2,7,6,6,"DNA and Genomics, RNA and Transcriptomics, Proteins and Proteomics","Basic, Intermediate"
06/11/2023 19:47:48,Yes,I am white,Man / Male (Cisgender),Santa Catarina (SC),PhD / PhD Student,Developer,,,,Bioinformatics software developer/engineer,6,7,5,5,7,7,7,"RNA and Transcriptomics, Epigenomics,  Artificial Intelligence and Data Science in Bioinformatics","Intermediate, Advanced"
06/11/2023 19:51:06,Yes,I am black,Woman / Female (Cisgender),Ceará (CE),Bachelor / Undergraduate Student,User,Clinical Analysis,,,,3,3,3,2,3,3,3,"DNA and Genomics, Metagenomics and Microbiome, Epigenomics, Proteins and Proteomics, Metabolomics and Systems Biology,  Artificial Intelligence and Data Science in Bioinformatics,  Structural Biology and Modeling","Basic, Intermediate, Advanced"
06/11/2023 19:54:42,Yes,I am white,Woman / Female (Cisgender),São Paulo (SP),Bachelor / Undergraduate Student,Scientist,,Academic in the field of computational biology and related areas,,,1,2,3,3,3,3,3,"RNA and Transcriptomics, Proteins and Proteomics, Metabolomics and Systems Biology, Database and Software Development,  Structural Biology and Modeling",Basic
06/11/2023 20:07:22,Yes,I am white,Woman / Female (Cisgender),Pernambuco (PE),Posdoc,User,Academic,,,,1,7,6,5,6,6,7,"Metagenomics and Microbiome,  Artificial Intelligence and Data Science in Bioinformatics, Database and Software Development",Intermediate
06/11/2023 20:10:43,Yes,I am white,Woman / Female (Cisgender),Pará (PA),Bachelor / Undergraduate Student,Scientist,,Academic in the field of computational biology and related areas,,,3,3,3,2,3,3,3,"DNA and Genomics, Metagenomics and Microbiome, RNA and Transcriptomics, Proteins and Proteomics, Metabolomics and Systems Biology,  Artificial Intelligence and Data Science in Bioinformatics, Database and Software Development, Molecular Basis of Cancer, Personalized Medicine,  Structural Biology and Modeling,Career Mentoring in Bioinformatics","Basic, Intermediate"
06/11/2023 20:38:10,Yes,I am brown-skinned,Man / Male (Cisgender),São Paulo (SP),Master / Master Student,User,Academic,,,,4,6,6,6,7,7,7,"DNA and Genomics, Metagenomics and Microbiome, RNA and Transcriptomics,  Artificial Intelligence and Data Science in Bioinformatics, Didactics and Communication in Bioinformatics,Career Mentoring in Bioinformatics",Intermediate
06/11/2023 21:11:47,Yes,I am brown-skinned,Woman / Female (Cisgender),Pará (PA),Master / Master Student,User,Academic,,,,7,7,7,7,7,7,7,"DNA and Genomics, Metagenomics and Microbiome, RNA and Transcriptomics, Proteins and Proteomics, Metabolomics and Systems Biology,  Structural Biology and Modeling",Intermediate
06/11/2023 21:39:17,Yes,I am white,Woman / Female (Cisgender),Rio Grande do Sul (RS),PhD / PhD Student,User,Academic,,,,7,7,7,5,7,7,6,"DNA and Genomics, Metagenomics and Microbiome, RNA and Transcriptomics, Proteins and Proteomics, Metabolomics and Systems Biology, Database and Software Development, Molecular Basis of Cancer, Personalized Medicine, Didactics and Communication in Bioinformatics",Advanced
06/11/2023 21:54:46,Yes,I am white,Man / Male (Cisgender),São Paulo (SP),Master / Master Student,Developer,,,,Bioinformatics software developer/engineer,3,7,5,4,7,4,6,"DNA and Genomics, Metagenomics and Microbiome, RNA and Transcriptomics, Epigenomics, Proteins and Proteomics, Metabolomics and Systems Biology,  Artificial Intelligence and Data Science in Bioinformatics, Database and Software Development, Molecular Basis of Cancer, Personalized Medicine, Didactics and Communication in Bioinformatics","Intermediate, Advanced"
06/11/2023 22:20:09,Yes,I am white,Woman / Female (Cisgender),Rio Grande do Sul (RS),Posdoc,User,Academic,,,,3,3,3,1,2,2,2,"DNA and Genomics, Metagenomics and Microbiome, Epigenomics,  Structural Biology and Modeling",Advanced
06/11/2023 22:58:17,Yes,I am brown-skinned,Man / Male (Cisgender),Pará (PA),PhD / PhD Student,Scientist,,Educator in computational biology and related fields.,,,7,7,7,4,5,4,4,"DNA and Genomics, Phylogeny and Evolution, Metagenomics and Microbiome, RNA and Transcriptomics, Epigenomics, Proteins and Proteomics, Metabolomics and Systems Biology,  Artificial Intelligence and Data Science in Bioinformatics, Database and Software Development, Molecular Basis of Cancer,  Structural Biology and Modeling",Advanced
06/11/2023 23:29:24,Yes,I am black,Woman / Female (Cisgender),Rio Grande do Sul (RS),PhD / PhD Student,User,Academic,,,,7,7,7,7,7,7,7,"DNA and Genomics, Phylogeny and Evolution, RNA and Transcriptomics, Epigenomics, Database and Software Development, Didactics and Communication in Bioinformatics,Career Mentoring in Bioinformatics",Intermediate
06/11/2023 23:53:17,Yes,I am white,Man / Male (Cisgender),Rio Grande do Norte (RN),PhD / PhD Student,Developer,,,,Bioinformatics software developer/engineer,5,7,5,5,5,2,7,"Phylogeny and Evolution, Proteins and Proteomics,  Artificial Intelligence and Data Science in Bioinformatics",Advanced
07/11/2023 00:01:35,Yes,I am white,Woman / Female (Cisgender),Rio Grande do Sul (RS),Posdoc,Scientist,,Academic in the field of computational biology and related areas,,,7,7,6,6,7,6,7,"DNA and Genomics, Metagenomics and Microbiome, RNA and Transcriptomics, Epigenomics, Database and Software Development",Advanced
07/11/2023 03:35:35,Yes,I am brown-skinned,Woman / Female (Cisgender),Resido fora do Brasil,Master / Master Student,Scientist,,Educator in computational biology and related fields.,,,3,6,6,3,2,7,6,"DNA and Genomics, Phylogeny and Evolution, Metagenomics and Microbiome,  Artificial Intelligence and Data Science in Bioinformatics, Database and Software Development",Intermediate
07/11/2023 04:34:05,Yes,I am brown-skinned,Woman / Female (Cisgender),Rio Grande do Sul (RS),PhD / PhD Student,User,Academic,,,,4,5,6,4,3,4,6,"DNA and Genomics, Phylogeny and Evolution,Career Mentoring in Bioinformatics",Advanced
07/11/2023 06:00:38,Yes,I am white,Man / Male (Cisgender),Espírito Santo (ES),PhD / PhD Student,User,Academic,,,,6,6,7,6,7,7,7,"DNA and Genomics,  Artificial Intelligence and Data Science in Bioinformatics, Database and Software Development",Basic
07/11/2023 06:05:09,Yes,I am white,Man / Male (Cisgender),Resido fora do Brasil,PhD / PhD Student,Scientist,,Academic in the field of computational biology and related areas,,,7,7,1,4,4,7,7," Artificial Intelligence and Data Science in Bioinformatics, Didactics and Communication in Bioinformatics",Advanced
07/11/2023 08:03:12,Yes,I am white,Man / Male (Cisgender),São Paulo (SP),Bachelor / Undergraduate Student,Developer,,,,Bioinformatics software developer/engineer,3,5,7,4,6,5,7,"DNA and Genomics, Metagenomics and Microbiome, Epigenomics, Database and Software Development, Personalized Medicine",Advanced
07/11/2023 08:45:14,Yes,I am white,Man / Male (Cisgender),São Paulo (SP),Bachelor / Undergraduate Student,User,Academic,,,,6,7,5,4,5,6,6,"DNA and Genomics, RNA and Transcriptomics, Epigenomics, Metabolomics and Systems Biology,  Artificial Intelligence and Data Science in Bioinformatics, Database and Software Development, Didactics and Communication in Bioinformatics","Basic, Intermediate, Advanced"
07/11/2023 09:00:42,Yes,I am white,Woman / Female (Cisgender),Rio de Janeiro (RJ),Master / Master Student,User,Academic,,,,1,3,3,2,2,2,2,"Phylogeny and Evolution, Metagenomics and Microbiome,  Artificial Intelligence and Data Science in Bioinformatics",Basic
07/11/2023 09:12:13,Yes,I am white,Man / Male (Cisgender),Resido fora do Brasil,PhD / PhD Student,Scientist,,Academic in the field of computational biology and related areas,,,3,7,7,3,7,5,7," Artificial Intelligence and Data Science in Bioinformatics, Database and Software Development,  Structural Biology and Modeling,Career Mentoring in Bioinformatics",Advanced
07/11/2023 09:25:31,Yes,I am white,Man / Male (Cisgender),Paraná (PR),PhD / PhD Student,User,Academic,,,,3,5,7,3,7,6,7,"RNA and Transcriptomics,  Artificial Intelligence and Data Science in Bioinformatics, Database and Software Development,  Structural Biology and Modeling",Basic
07/11/2023 09:32:09,Yes,I am white,Man / Male (Cisgender),São Paulo (SP),Bachelor / Undergraduate Student,Developer,,,,Bioinformatics software developer/engineer,4,7,3,2,5,1,5,"DNA and Genomics, Metagenomics and Microbiome, RNA and Transcriptomics, Proteins and Proteomics, Metabolomics and Systems Biology,  Artificial Intelligence and Data Science in Bioinformatics, Molecular Basis of Cancer, Personalized Medicine,Career Mentoring in Bioinformatics","Intermediate, Advanced"
07/11/2023 10:28:46,Yes,I am white,Woman / Female (Cisgender),Paraná (PR),PhD / PhD Student,Scientist,,Academic in the field of computational biology and related areas,,,6,7,7,7,7,7,7,"DNA and Genomics, Phylogeny and Evolution,  Artificial Intelligence and Data Science in Bioinformatics, Database and Software Development","Basic, Intermediate, Advanced"
07/11/2023 11:01:01,Yes,I am white,Man / Male (Cisgender),Minas Gerais (MG),Posdoc,User,Academic,,,,2,4,5,2,3,2,6," Artificial Intelligence and Data Science in Bioinformatics,  Structural Biology and Modeling","Intermediate, Advanced"
07/11/2023 11:02:47,Yes,I am brown-skinned,Man / Male (Cisgender),Santa Catarina (SC),Master / Master Student,User,Academic,,,,6,6,6,6,6,6,6,"DNA and Genomics, RNA and Transcriptomics, Epigenomics, Metabolomics and Systems Biology,  Artificial Intelligence and Data Science in Bioinformatics, Molecular Basis of Cancer,Career Mentoring in Bioinformatics","Basic, Intermediate, Advanced"
07/11/2023 11:07:41,Yes,I am white,Woman / Female (Cisgender),Santa Catarina (SC),Posdoc,Scientist,,Core facility scientist,,,1,7,5,4,3,4,6,"Epigenomics,  Artificial Intelligence and Data Science in Bioinformatics, Database and Software Development, Personalized Medicine",Advanced
07/11/2023 11:14:51,Yes,I am white,Man / Male (Cisgender),Santa Catarina (SC),PhD / PhD Student,User,Academic,,,,3,3,1,2,3,2,2,"DNA and Genomics, Phylogeny and Evolution, Metagenomics and Microbiome, RNA and Transcriptomics, Epigenomics, Proteins and Proteomics, Metabolomics and Systems Biology,  Artificial Intelligence and Data Science in Bioinformatics, Database and Software Development, Molecular Basis of Cancer, Personalized Medicine, Didactics and Communication in Bioinformatics,  Structural Biology and Modeling,Career Mentoring in Bioinformatics","Basic, Intermediate"
07/11/2023 11:29:58,Yes,I am white,Woman / Female (Cisgender),Goiás (GO),PhD / PhD Student,User,Academic,,,,7,7,5,3,5,3,3,"DNA and Genomics, RNA and Transcriptomics, Epigenomics, Proteins and Proteomics,  Artificial Intelligence and Data Science in Bioinformatics, Molecular Basis of Cancer, Personalized Medicine,  Structural Biology and Modeling",Basic
07/11/2023 13:14:47,Yes,I am white,Man / Male (Cisgender),Resido fora do Brasil,Master / Master Student,User,Clinical Analysis,,,,2,5,7,5,7,5,7,"DNA and Genomics, Personalized Medicine",Intermediate
07/11/2023 14:05:22,Yes,I am white,Woman / Female (Cisgender),Paraná (PR),Master / Master Student,User,Clinical Analysis,,,,2,3,3,3,3,3,3,"DNA and Genomics, RNA and Transcriptomics,  Artificial Intelligence and Data Science in Bioinformatics, Database and Software Development, Molecular Basis of Cancer, Didactics and Communication in Bioinformatics","Basic, Intermediate, Advanced"
07/11/2023 14:05:57,Yes,I am white,Woman / Female (Cisgender),Paraná (PR),PhD / PhD Student,User,Academic,,,,2,7,7,6,4,4,5,"DNA and Genomics, RNA and Transcriptomics, Epigenomics,  Artificial Intelligence and Data Science in Bioinformatics, Molecular Basis of Cancer, Personalized Medicine","Basic, Intermediate"
07/11/2023 14:16:57,Yes,I am white,Woman / Female (Cisgender),Paraná (PR),Posdoc,Scientist,,Academic in the field of computational biology and related areas,,,3,5,7,2,2,2,7,"DNA and Genomics, Phylogeny and Evolution, RNA and Transcriptomics, Epigenomics, Proteins and Proteomics, Metabolomics and Systems Biology,  Artificial Intelligence and Data Science in Bioinformatics, Molecular Basis of Cancer, Personalized Medicine,  Structural Biology and Modeling","Intermediate, Advanced"
07/11/2023 16:21:32,Yes,I am white,Woman / Female (Cisgender),Minas Gerais (MG),PhD / PhD Student,User,Academic,,,,7,7,7,1,3,2,7,"DNA and Genomics, Phylogeny and Evolution, Epigenomics,  Artificial Intelligence and Data Science in Bioinformatics, Database and Software Development",Intermediate
07/11/2023 17:50:00,Yes,I am brown-skinned,Man / Male (Cisgender),Minas Gerais (MG),Technician / Specialist,Scientist,,Academic in the field of computational biology and related areas,,,4,6,7,3,6,5,6,"Epigenomics, Metabolomics and Systems Biology,  Artificial Intelligence and Data Science in Bioinformatics, Database and Software Development, Personalized Medicine, Didactics and Communication in Bioinformatics,Career Mentoring in Bioinformatics",Intermediate
07/11/2023 18:10:12,Yes,I am white,Woman / Female (Cisgender),São Paulo (SP),Bachelor / Undergraduate Student,Scientist,,Academic in the field of computational biology and related areas,,,1,7,7,2,4,2,2,"DNA and Genomics,  Artificial Intelligence and Data Science in Bioinformatics, Personalized Medicine","Basic, Intermediate"
07/11/2023 18:48:02,Yes,I am white,Woman / Female (Cisgender),Sergipe (SE),Posdoc,User,Professor,,,,7,7,7,7,7,7,7,"Epigenomics,  Structural Biology and Modeling",Basic
07/11/2023 19:18:05,Yes,I am brown-skinned,Man / Male (Cisgender),Ceará (CE),Professor / PI,User,Professor,,,,7,3,4,7,7,7,4,"Phylogeny and Evolution, Metagenomics and Microbiome, Proteins and Proteomics,  Artificial Intelligence and Data Science in Bioinformatics, Didactics and Communication in Bioinformatics",Intermediate
07/11/2023 22:02:52,Yes,I am white,Woman / Female (Cisgender),Rio de Janeiro (RJ),Master / Master Student,Scientist,,Academic in the field of computational biology and related areas,,,7,7,7,7,7,7,7,"DNA and Genomics, Phylogeny and Evolution, Metagenomics and Microbiome, Proteins and Proteomics, Metabolomics and Systems Biology,  Structural Biology and Modeling","Basic, Intermediate"
08/11/2023 01:33:40,Yes,I am white,Woman / Female (Cisgender),Bahia (BA),Professor / PI,User,Professor,,,,7,3,7,7,7,7,7,"DNA and Genomics, Phylogeny and Evolution, Metagenomics and Microbiome, RNA and Transcriptomics, Epigenomics, Proteins and Proteomics,  Artificial Intelligence and Data Science in Bioinformatics, Didactics and Communication in Bioinformatics,  Structural Biology and Modeling,Career Mentoring in Bioinformatics",Intermediate
08/11/2023 01:41:35,Yes,I am white,Woman / Female (Cisgender),São Paulo (SP),Master / Master Student,Scientist,,Academic in the field of computational biology and related areas,,,4,7,7,4,3,7,7,"DNA and Genomics, Phylogeny and Evolution, RNA and Transcriptomics","Intermediate, Advanced"
08/11/2023 07:53:21,Yes,I am white,Woman / Female (Cisgender),Resido fora do Brasil,PhD / PhD Student,Scientist,,Academic in the field of computational biology and related areas,,,2,7,7,7,2,2,7,"DNA and Genomics, RNA and Transcriptomics, Epigenomics,  Artificial Intelligence and Data Science in Bioinformatics, Personalized Medicine,Career Mentoring in Bioinformatics",Intermediate
08/11/2023 09:12:46,Yes,I am white,Woman / Female (Cisgender),Minas Gerais (MG),PhD / PhD Student,User,Academic,,,,3,7,7,5,7,7,6,"DNA and Genomics, RNA and Transcriptomics",Advanced
08/11/2023 09:31:52,Yes,I am white,Man / Male (Cisgender),Minas Gerais (MG),PhD / PhD Student,Scientist,,Academic in the field of computational biology and related areas,,,6,7,6,3,6,6,6,"Proteins and Proteomics,  Artificial Intelligence and Data Science in Bioinformatics,  Structural Biology and Modeling,Career Mentoring in Bioinformatics","Intermediate, Advanced"
08/11/2023 10:04:52,Yes,I am brown-skinned,Woman / Female (Cisgender),Paraná (PR),PhD / PhD Student,User,Academic,,,,7,5,5,5,6,6,5,"DNA and Genomics, Phylogeny and Evolution, Metagenomics and Microbiome",Basic
08/11/2023 10:34:35,Yes,I am white,Man / Male (Cisgender),Goiás (GO),Posdoc,Scientist,,Academic in the field of computational biology and related areas,,,3,7,7,3,7,3,7,"DNA and Genomics, Phylogeny and Evolution, Metagenomics and Microbiome, Database and Software Development",Advanced
08/11/2023 10:44:52,Yes,I am white,Man / Male (Cisgender),Minas Gerais (MG),Master / Master Student,User,Academic,,,,3,7,7,5,5,5,7,"DNA and Genomics, RNA and Transcriptomics, Proteins and Proteomics, Metabolomics and Systems Biology,  Artificial Intelligence and Data Science in Bioinformatics, Database and Software Development","Intermediate, Advanced"
08/11/2023 10:46:26,Yes,I am white,Man / Male (Cisgender),São Paulo (SP),Bachelor / Undergraduate Student,User,Academic,,,,4,6,6,5,7,5,6,"DNA and Genomics,  Artificial Intelligence and Data Science in Bioinformatics, Database and Software Development,Career Mentoring in Bioinformatics",Basic
08/11/2023 10:55:07,Yes,I am white,Man / Male (Cisgender),Rio Grande do Norte (RN),PhD / PhD Student,User,Clinical Analysis,,,,7,7,7,6,7,2,5,"DNA and Genomics, Phylogeny and Evolution, Metagenomics and Microbiome,  Artificial Intelligence and Data Science in Bioinformatics, Molecular Basis of Cancer, Personalized Medicine","Intermediate, Advanced"
08/11/2023 10:59:57,Yes,I am brown-skinned,Man / Male (Cisgender),Rio Grande do Norte (RN),PhD / PhD Student,Developer,,,,Bioinformatics software developer/engineer,7,7,4,5,5,4,5,"DNA and Genomics, RNA and Transcriptomics, Proteins and Proteomics,  Artificial Intelligence and Data Science in Bioinformatics, Database and Software Development, Molecular Basis of Cancer","Intermediate, Advanced"
08/11/2023 11:00:46,Yes,I am brown-skinned,Woman / Female (Cisgender),Pará (PA),PhD / PhD Student,User,Academic,,,,4,5,2,2,4,3,5,"DNA and Genomics, Metagenomics and Microbiome, RNA and Transcriptomics, Epigenomics,  Artificial Intelligence and Data Science in Bioinformatics, Molecular Basis of Cancer,  Structural Biology and Modeling","Basic, Intermediate"
08/11/2023 11:11:29,Yes,I am white,Woman / Female (Cisgender),Paraíba (PB),PhD / PhD Student,User,Professor,,,,7,7,7,7,5,6,7,"DNA and Genomics, Phylogeny and Evolution, Proteins and Proteomics, Metabolomics and Systems Biology,  Artificial Intelligence and Data Science in Bioinformatics, Molecular Basis of Cancer,  Structural Biology and Modeling","Basic, Intermediate, Advanced"
08/11/2023 11:27:42,Yes,I am white,Man / Male (Cisgender),Paraná (PR),Bachelor / Undergraduate Student,User,Academic,,,,6,6,3,3,6,3,3," Artificial Intelligence and Data Science in Bioinformatics, Molecular Basis of Cancer, Personalized Medicine,  Structural Biology and Modeling",Basic
08/11/2023 11:35:37,Yes,I am white,Woman / Female (Cisgender),Espírito Santo (ES),PhD / PhD Student,User,Academic,,,,7,6,5,4,7,4,7,"DNA and Genomics, Phylogeny and Evolution, RNA and Transcriptomics, Proteins and Proteomics,  Artificial Intelligence and Data Science in Bioinformatics, Database and Software Development,  Structural Biology and Modeling",Intermediate
08/11/2023 11:43:41,Yes,I am white,Woman / Female (Cisgender),Espírito Santo (ES),PhD / PhD Student,User,Academic,,,,7,7,6,6,6,4,4,"DNA and Genomics, Phylogeny and Evolution, Metagenomics and Microbiome, RNA and Transcriptomics, Proteins and Proteomics","Basic, Intermediate"
08/11/2023 12:48:16,Yes,I am white,Woman / Female (Cisgender),Espírito Santo (ES),PhD / PhD Student,User,Academic,,,,4,7,7,7,7,7,7,"DNA and Genomics, RNA and Transcriptomics, Epigenomics,  Artificial Intelligence and Data Science in Bioinformatics",Basic
08/11/2023 12:53:42,Yes,I am white,Man / Male (Cisgender),Rio Grande do Sul (RS),Bachelor / Undergraduate Student,User,Academic,,,,6,7,7,3,7,6,7,"Metagenomics and Microbiome, RNA and Transcriptomics, Epigenomics, Metabolomics and Systems Biology,  Artificial Intelligence and Data Science in Bioinformatics, Database and Software Development, Molecular Basis of Cancer,Career Mentoring in Bioinformatics",Intermediate
08/11/2023 13:37:22,Yes,I am white,Man / Male (Cisgender),São Paulo (SP),PhD / PhD Student,User,Academic,,,,7,7,7,7,7,7,7,"DNA and Genomics, RNA and Transcriptomics, Epigenomics, Proteins and Proteomics,  Artificial Intelligence and Data Science in Bioinformatics, Didactics and Communication in Bioinformatics,  Structural Biology and Modeling","Intermediate, Advanced"
08/11/2023 13:56:45,Yes,I am white,Woman / Female (Cisgender),Espírito Santo (ES),PhD / PhD Student,User,Academic,,,,4,7,7,2,5,5,7,"DNA and Genomics, Metagenomics and Microbiome,  Artificial Intelligence and Data Science in Bioinformatics, Database and Software Development, Didactics and Communication in Bioinformatics,Career Mentoring in Bioinformatics","Basic, Intermediate"
08/11/2023 14:15:31,Yes,I am white,Man / Male (Cisgender),Rio Grande do Sul (RS),Master / Master Student,User,Clinical Analysis,,,,1,7,4,4,2,7,7,"DNA and Genomics, RNA and Transcriptomics, Epigenomics, Database and Software Development, Molecular Basis of Cancer, Personalized Medicine, Didactics and Communication in Bioinformatics",Advanced
08/11/2023 15:17:38,Yes,I am white,Woman / Female (Cisgender),Rio Grande do Norte (RN),PhD / PhD Student,Scientist,,Academic in the field of computational biology and related areas,,,7,5,7,7,7,1,7,"DNA and Genomics, RNA and Transcriptomics, Proteins and Proteomics,  Artificial Intelligence and Data Science in Bioinformatics,  Structural Biology and Modeling,Career Mentoring in Bioinformatics","Basic, Intermediate"
08/11/2023 15:26:37,Yes,I am white,Woman / Female (Cisgender),Espírito Santo (ES),Master / Master Student,User,Academic,,,,7,7,7,5,7,5,6,"DNA and Genomics, Metagenomics and Microbiome, RNA and Transcriptomics, Epigenomics, Proteins and Proteomics, Metabolomics and Systems Biology,  Artificial Intelligence and Data Science in Bioinformatics, Molecular Basis of Cancer, Personalized Medicine,  Structural Biology and Modeling",Intermediate
08/11/2023 15:31:19,Yes,I am white,Man / Male (Cisgender),Rio Grande do Norte (RN),Master / Master Student,Scientist,,Academic in the field of computational biology and related areas,,,4,7,4,2,7,2,4,"DNA and Genomics, Phylogeny and Evolution, RNA and Transcriptomics, Epigenomics,  Artificial Intelligence and Data Science in Bioinformatics, Molecular Basis of Cancer, Personalized Medicine",Advanced
08/11/2023 15:37:29,Yes,I am white,Woman / Female (Cisgender),Goiás (GO),PhD / PhD Student,User,Academic,,,,7,7,4,7,7,7,5,"DNA and Genomics, Epigenomics, Proteins and Proteomics, Personalized Medicine,  Structural Biology and Modeling",Intermediate
08/11/2023 16:44:47,Yes,I am brown-skinned,Woman / Female (Cisgender),Resido fora do Brasil,PhD / PhD Student,User,Academic,,,,5,7,7,5,7,5,7,"DNA and Genomics, RNA and Transcriptomics, Epigenomics,  Artificial Intelligence and Data Science in Bioinformatics","Intermediate, Advanced"
08/11/2023 19:45:58,Yes,I am brown-skinned,Woman / Female (Cisgender),Maranhão (MA),Posdoc,User,Professor,,,,7,4,5,7,7,7,7,"DNA and Genomics, Phylogeny and Evolution, Metagenomics and Microbiome, RNA and Transcriptomics, Epigenomics, Proteins and Proteomics, Metabolomics and Systems Biology,  Artificial Intelligence and Data Science in Bioinformatics",Intermediate
09/11/2023 00:27:53,Yes,I am white,Man / Male (Cisgender),Minas Gerais (MG),Bachelor / Undergraduate Student,Scientist,,Core facility scientist,,,3,7,6,5,4,4,7,"DNA and Genomics, RNA and Transcriptomics, Proteins and Proteomics,  Artificial Intelligence and Data Science in Bioinformatics, Database and Software Development, Personalized Medicine,  Structural Biology and Modeling",Intermediate
09/11/2023 09:25:03,Yes,I am brown-skinned,Man / Male (Cisgender),Amapá (AP),PhD / PhD Student,User,Academic,,,,3,7,7,5,7,7,7,"DNA and Genomics, Phylogeny and Evolution, RNA and Transcriptomics, Database and Software Development,  Structural Biology and Modeling,Career Mentoring in Bioinformatics","Basic, Intermediate, Advanced"
09/11/2023 11:44:36,Yes,I am white,Woman / Female (Cisgender),Resido fora do Brasil,PhD / PhD Student,User,Academic,,,,1,7,6,1,1,1,1,"DNA and Genomics, Phylogeny and Evolution, Metagenomics and Microbiome, RNA and Transcriptomics, Metabolomics and Systems Biology",Basic
09/11/2023 12:36:19,Yes,I am white,Woman / Female (Cisgender),Paraná (PR),Master / Master Student,User,Academic,,,,4,6,5,6,7,6,5,"DNA and Genomics,  Artificial Intelligence and Data Science in Bioinformatics, Molecular Basis of Cancer, Personalized Medicine,Career Mentoring in Bioinformatics",Intermediate
09/11/2023 17:43:35,No,,,,,,,,,,,,,,,,,,
09/11/2023 17:47:21,Yes,I am brown-skinned,Man / Male (Cisgender),São Paulo (SP),Master / Master Student,User,Academic,,,,1,7,7,2,7,2,7,"DNA and Genomics, Phylogeny and Evolution, Metagenomics and Microbiome, RNA and Transcriptomics, Epigenomics,  Artificial Intelligence and Data Science in Bioinformatics","Basic, Intermediate"
09/11/2023 17:48:45,Yes,I am white,Woman / Female (Cisgender),São Paulo (SP),Bachelor / Undergraduate Student,Developer,,,,Bioinformatics software developer/engineer,1,7,5,3,7,5,6,"DNA and Genomics, Phylogeny and Evolution, Metagenomics and Microbiome, RNA and Transcriptomics, Epigenomics, Proteins and Proteomics, Metabolomics and Systems Biology,  Artificial Intelligence and Data Science in Bioinformatics, Database and Software Development","Intermediate, Advanced"
09/11/2023 17:51:16,Yes,I am white,Woman / Female (Cisgender),São Paulo (SP),Bachelor / Undergraduate Student,User,Academic,,,,4,5,6,4,7,7,7,"DNA and Genomics, Phylogeny and Evolution, Metagenomics and Microbiome, RNA and Transcriptomics, Epigenomics, Personalized Medicine",Intermediate
09/11/2023 18:04:23,Yes,I am white,Woman / Female (Cisgender),São Paulo (SP),Bachelor / Undergraduate Student,User,Clinical Analysis,,,,1,1,5,3,7,7,7,"DNA and Genomics, Phylogeny and Evolution, Metagenomics and Microbiome, RNA and Transcriptomics, Epigenomics, Proteins and Proteomics, Personalized Medicine,  Structural Biology and Modeling,Career Mentoring in Bioinformatics","Basic, Intermediate"
09/11/2023 18:54:34,Yes,I am white,Woman / Female (Cisgender),São Paulo (SP),Bachelor / Undergraduate Student,User,Academic,,,,7,7,7,7,7,7,7,"DNA and Genomics, Metagenomics and Microbiome, RNA and Transcriptomics, Proteins and Proteomics, Metabolomics and Systems Biology,  Artificial Intelligence and Data Science in Bioinformatics, Molecular Basis of Cancer, Personalized Medicine, Didactics and Communication in Bioinformatics",Basic
10/11/2023 11:38:59,Yes,I am white,Woman / Female (Cisgender),São Paulo (SP),Bachelor / Undergraduate Student,User,Academic,,,,7,2,2,3,3,2,1,"DNA and Genomics, Phylogeny and Evolution, Metagenomics and Microbiome, RNA and Transcriptomics, Epigenomics, Proteins and Proteomics, Metabolomics and Systems Biology,  Artificial Intelligence and Data Science in Bioinformatics, Database and Software Development, Molecular Basis of Cancer, Personalized Medicine, Didactics and Communication in Bioinformatics,  Structural Biology and Modeling,Career Mentoring in Bioinformatics",Basic
10/11/2023 16:04:19,Yes,I am white,Man / Male (Cisgender),São Paulo (SP),Master / Master Student,Scientist,,Academic in the field of computational biology and related areas,,,5,7,7,6,6,6,7,"Phylogeny and Evolution, Metagenomics and Microbiome, RNA and Transcriptomics,  Artificial Intelligence and Data Science in Bioinformatics, Didactics and Communication in Bioinformatics",Intermediate
11/11/2023 11:24:42,Yes,I am white,Woman / Female (Cisgender),Bahia (BA),Posdoc,Scientist,,Core facility scientist,Scientific entrepreneur,,2,4,5,5,2,6,6," Artificial Intelligence and Data Science in Bioinformatics, Database and Software Development, Personalized Medicine, Didactics and Communication in Bioinformatics,Career Mentoring in Bioinformatics",Intermediate
13/11/2023 07:32:51,Yes,I am white,Woman / Female (Cisgender),São Paulo (SP),Bachelor / Undergraduate Student,User,Academic,,,,7,7,7,5,7,7,7,"Phylogeny and Evolution, Metagenomics and Microbiome, RNA and Transcriptomics, Epigenomics, Proteins and Proteomics, Metabolomics and Systems Biology,  Artificial Intelligence and Data Science in Bioinformatics, Database and Software Development, Didactics and Communication in Bioinformatics,  Structural Biology and Modeling",Intermediate
13/11/2023 11:51:02,Yes,I am white,Woman / Female (Cisgender),Rio de Janeiro (RJ),Posdoc,User,Academic,,,,2,6,6,3,4,2,3,"DNA and Genomics, RNA and Transcriptomics, Epigenomics, Metabolomics and Systems Biology,  Artificial Intelligence and Data Science in Bioinformatics, Molecular Basis of Cancer, Personalized Medicine,  Structural Biology and Modeling",Advanced
13/11/2023 14:20:03,Yes,I am yellow,Woman / Female (Cisgender),Minas Gerais (MG),PhD / PhD Student,User,Clinical Analysis,,,,4,5,6,7,7,4,4,"DNA and Genomics, Phylogeny and Evolution, Metagenomics and Microbiome,  Artificial Intelligence and Data Science in Bioinformatics,Career Mentoring in Bioinformatics",Intermediate
13/11/2023 14:43:21,Yes,I am white,Woman / Female (Cisgender),Espírito Santo (ES),Professor / PI,Scientist,,Educator in computational biology and related fields.,Educator in Genetics/Genomics and Biotechnology,,3,7,7,2,2,2,4," Artificial Intelligence and Data Science in Bioinformatics, Database and Software Development, Personalized Medicine",Intermediate
13/11/2023 15:40:57,Yes,I am brown-skinned,Woman / Female (Cisgender),Espírito Santo (ES),Master / Master Student,User,Academic,,,,7,7,7,7,6,7,6,"DNA and Genomics, Epigenomics, Proteins and Proteomics,  Artificial Intelligence and Data Science in Bioinformatics, Database and Software Development, Didactics and Communication in Bioinformatics",Intermediate
14/11/2023 07:11:38,Yes,I am brown-skinned,Man / Male (Cisgender),Resido fora do Brasil,PhD / PhD Student,User,Academic,,,,3,7,7,2,4,2,4,"Proteins and Proteomics,  Artificial Intelligence and Data Science in Bioinformatics, Molecular Basis of Cancer,  Structural Biology and Modeling",Basic
14/11/2023 09:44:24,Yes,I prefer not to answer,Man / Male (Cisgender),Pará (PA),Master / Master Student,User,Academic,,,,6,7,7,3,5,3,3,"DNA and Genomics, Phylogeny and Evolution,  Artificial Intelligence and Data Science in Bioinformatics, Database and Software Development",Basic
14/11/2023 12:09:37,Yes,I am brown-skinned,Woman / Female (Cisgender),Goiás (GO),Technician / Specialist,User,Academic,,,,1,7,7,4,7,4,7,"DNA and Genomics, Phylogeny and Evolution, Metagenomics and Microbiome, RNA and Transcriptomics, Epigenomics, Proteins and Proteomics, Metabolomics and Systems Biology,  Artificial Intelligence and Data Science in Bioinformatics, Database and Software Development, Molecular Basis of Cancer, Personalized Medicine, Didactics and Communication in Bioinformatics,  Structural Biology and Modeling,Career Mentoring in Bioinformatics",Basic
14/11/2023 13:21:06,Yes,I am black,Man / Male (Cisgender),Pará (PA),Bachelor / Undergraduate Student,User,Academic,,,,5,7,7,3,6,4,6,"DNA and Genomics, Phylogeny and Evolution, Metagenomics and Microbiome, RNA and Transcriptomics, Epigenomics, Metabolomics and Systems Biology,  Artificial Intelligence and Data Science in Bioinformatics, Database and Software Development, Molecular Basis of Cancer, Personalized Medicine,  Structural Biology and Modeling","Basic, Intermediate, Advanced"
15/11/2023 10:51:15,Yes,I prefer not to answer,I prefer not to answer,Minas Gerais (MG),PhD / PhD Student,User,Professor,,,,3,3,3,3,2,2,2," Artificial Intelligence and Data Science in Bioinformatics, Database and Software Development,  Structural Biology and Modeling",Intermediate
15/11/2023 14:23:19,Yes,I am black,Woman / Female (Cisgender),Mato Grosso do Sul (MS),Bachelor / Undergraduate Student,User,Academic,,,,5,6,6,4,6,6,7,"DNA and Genomics, Metagenomics and Microbiome, RNA and Transcriptomics, Epigenomics, Proteins and Proteomics, Metabolomics and Systems Biology,  Artificial Intelligence and Data Science in Bioinformatics, Molecular Basis of Cancer, Personalized Medicine,  Structural Biology and Modeling,Career Mentoring in Bioinformatics","Basic, Intermediate, Advanced"
16/11/2023 14:57:18,Yes,I am brown-skinned,Woman / Female (Cisgender),Espírito Santo (ES),Master / Master Student,User,Professor,,,,4,7,6,4,4,4,6,"DNA and Genomics, Phylogeny and Evolution,  Artificial Intelligence and Data Science in Bioinformatics, Database and Software Development, Didactics and Communication in Bioinformatics",Intermediate
16/11/2023 16:39:17,Yes,I am white,Man / Male (Cisgender),São Paulo (SP),Bachelor / Undergraduate Student,Scientist,,Academic in the field of computational biology and related areas,,,2,2,3,2,2,2,3,"DNA and Genomics, Phylogeny and Evolution, Metagenomics and Microbiome, RNA and Transcriptomics, Epigenomics, Proteins and Proteomics, Metabolomics and Systems Biology,  Artificial Intelligence and Data Science in Bioinformatics, Molecular Basis of Cancer, Personalized Medicine,  Structural Biology and Modeling","Basic, Intermediate, Advanced"
16/11/2023 16:53:06,Yes,I am brown-skinned,Woman / Female (Cisgender),Resido fora do Brasil,PhD / PhD Student,Scientist,,Academic in the field of computational biology and related areas,,,5,6,6,5,6,4,6,"Proteins and Proteomics,  Artificial Intelligence and Data Science in Bioinformatics, Personalized Medicine,  Structural Biology and Modeling",Intermediate
16/11/2023 16:55:12,Yes,I am white,Man / Male (Cisgender),Rio Grande do Sul (RS),PhD / PhD Student,User,Academic,,,,7,7,7,2,7,5,7,"DNA and Genomics, Phylogeny and Evolution, Metagenomics and Microbiome, RNA and Transcriptomics, Epigenomics, Proteins and Proteomics, Metabolomics and Systems Biology, Database and Software Development, Personalized Medicine,  Structural Biology and Modeling","Intermediate, Advanced"
16/11/2023 17:11:19,Yes,I am white,Woman / Female (Cisgender),Mato Grosso do Sul (MS),PhD / PhD Student,Scientist,,Academic in the field of computational biology and related areas,,,7,7,7,2,3,1,5,"Proteins and Proteomics,  Artificial Intelligence and Data Science in Bioinformatics,  Structural Biology and Modeling,Career Mentoring in Bioinformatics","Intermediate, Advanced"
16/11/2023 17:24:04,Yes,I am black,Man / Male (Cisgender),Pará (PA),Bachelor / Undergraduate Student,User,Academic,,,,5,7,7,4,5,7,7,"DNA and Genomics, Phylogeny and Evolution, Metagenomics and Microbiome, RNA and Transcriptomics, Epigenomics, Proteins and Proteomics, Metabolomics and Systems Biology,  Artificial Intelligence and Data Science in Bioinformatics, Database and Software Development, Molecular Basis of Cancer, Personalized Medicine,  Structural Biology and Modeling","Basic, Intermediate, Advanced"
16/11/2023 17:24:36,Yes,I am black,Man / Male (Cisgender),Minas Gerais (MG),PhD / PhD Student,User,Academic,,,,7,5,4,2,5,5,5,"Proteins and Proteomics,  Artificial Intelligence and Data Science in Bioinformatics, Didactics and Communication in Bioinformatics,Career Mentoring in Bioinformatics",Basic
16/11/2023 17:59:06,Yes,I am brown-skinned,Woman / Female (Cisgender),Paraíba (PB),Bachelor / Undergraduate Student,User,Academic,,,,2,4,4,3,3,2,7,"DNA and Genomics, Proteins and Proteomics,  Structural Biology and Modeling","Basic, Intermediate"
16/11/2023 17:59:21,Yes,I am black,Man / Male (Cisgender),São Paulo (SP),Bachelor / Undergraduate Student,Scientist,,Academic in the field of computational biology and related areas,,,5,6,4,3,5,4,4,"Phylogeny and Evolution, Metagenomics and Microbiome, RNA and Transcriptomics,  Artificial Intelligence and Data Science in Bioinformatics, Database and Software Development, Molecular Basis of Cancer,Career Mentoring in Bioinformatics",Basic
16/11/2023 18:05:31,Yes,I am white,Woman / Female (Cisgender),São Paulo (SP),Master / Master Student,User,Academic,,,,6,7,7,7,7,6,7,"DNA and Genomics, Metagenomics and Microbiome, RNA and Transcriptomics, Proteins and Proteomics, Metabolomics and Systems Biology,Career Mentoring in Bioinformatics",Basic
16/11/2023 18:08:26,Yes,I am white,Woman / Female (Cisgender),São Paulo (SP),Bachelor / Undergraduate Student,User,Academic,,,,2,3,3,2,1,2,2,"Proteins and Proteomics, Metabolomics and Systems Biology, Database and Software Development, Didactics and Communication in Bioinformatics,  Structural Biology and Modeling",Basic
16/11/2023 19:24:52,Yes,I am brown-skinned,Man / Male (Cisgender),Amazônas (AM),Bachelor / Undergraduate Student,User,Academic,,,,7,5,5,3,6,3,3,"DNA and Genomics, Metagenomics and Microbiome, Proteins and Proteomics, Database and Software Development, Molecular Basis of Cancer,  Structural Biology and Modeling,Career Mentoring in Bioinformatics",Basic
16/11/2023 20:10:51,Yes,I am brown-skinned,Man / Male (Cisgender),Minas Gerais (MG),Master / Master Student,User,Professor,,,,7,7,7,2,7,2,7,"DNA and Genomics, Phylogeny and Evolution, Metagenomics and Microbiome, RNA and Transcriptomics, Proteins and Proteomics, Metabolomics and Systems Biology,  Artificial Intelligence and Data Science in Bioinformatics, Database and Software Development, Molecular Basis of Cancer, Personalized Medicine, Didactics and Communication in Bioinformatics,  Structural Biology and Modeling","Intermediate, Advanced"
16/11/2023 20:51:28,Yes,I am brown-skinned,Woman / Female (Cisgender),São Paulo (SP),PhD / PhD Student,User,Academic,,,,7,5,5,6,5,5,4,"DNA and Genomics, Metagenomics and Microbiome, RNA and Transcriptomics, Epigenomics, Proteins and Proteomics, Metabolomics and Systems Biology,  Artificial Intelligence and Data Science in Bioinformatics, Database and Software Development, Personalized Medicine,  Structural Biology and Modeling","Basic, Intermediate, Advanced"
16/11/2023 21:03:01,Yes,I am white,Woman / Female (Cisgender),Minas Gerais (MG),Posdoc,User,Academic,,,,3,7,7,6,7,3,7,"Epigenomics,  Artificial Intelligence and Data Science in Bioinformatics, Database and Software Development, Molecular Basis of Cancer,  Structural Biology and Modeling",Intermediate
17/11/2023 12:17:45,Yes,I am brown-skinned,Man / Male (Cisgender),Pernambuco (PE),Bachelor / Undergraduate Student,User,Academic,,,,5,6,7,5,7,7,7,"DNA and Genomics, Proteins and Proteomics,  Artificial Intelligence and Data Science in Bioinformatics, Molecular Basis of Cancer, Didactics and Communication in Bioinformatics,  Structural Biology and Modeling","Basic, Intermediate"
17/11/2023 12:30:03,Yes,I am brown-skinned,Woman / Female (Cisgender),Goiás (GO),Technician / Specialist,User,Academic,,,,2,7,7,4,7,5,7,"DNA and Genomics, Phylogeny and Evolution, Metagenomics and Microbiome, RNA and Transcriptomics, Epigenomics, Proteins and Proteomics, Metabolomics and Systems Biology,  Artificial Intelligence and Data Science in Bioinformatics, Database and Software Development, Molecular Basis of Cancer, Personalized Medicine,  Structural Biology and Modeling,Career Mentoring in Bioinformatics",Basic
17/11/2023 12:30:19,Yes,I am white,Woman / Female (Cisgender),Minas Gerais (MG),Posdoc,User,Professor,,,,5,7,7,3,7,7,7,"DNA and Genomics, Phylogeny and Evolution, RNA and Transcriptomics, Epigenomics, Database and Software Development, Molecular Basis of Cancer",Intermediate
17/11/2023 13:42:19,Yes,I am yellow,Woman / Female (Cisgender),Resido fora do Brasil,Bachelor / Undergraduate Student,User,Clinical Analysis,,,,7,3,5,3,7,7,7,"Proteins and Proteomics,  Artificial Intelligence and Data Science in Bioinformatics, Personalized Medicine,  Structural Biology and Modeling",Advanced
18/11/2023 20:05:36,Yes,I prefer not to answer,I prefer not to answer,Rio de Janeiro (RJ),Master / Master Student,User,Academic,,,,4,4,7,4,7,7,7,"DNA and Genomics, Phylogeny and Evolution, Metagenomics and Microbiome, RNA and Transcriptomics, Epigenomics, Personalized Medicine,  Structural Biology and Modeling,Career Mentoring in Bioinformatics",Basic
20/11/2023 05:32:45,Yes,I am white,Woman / Female (Cisgender),Espírito Santo (ES),Bachelor / Undergraduate Student,User,Academic,,,,7,7,5,5,6,5,6,"Proteins and Proteomics, Metabolomics and Systems Biology,  Artificial Intelligence and Data Science in Bioinformatics,  Structural Biology and Modeling",Intermediate
20/11/2023 10:04:09,Yes,I am white,Man / Male (Cisgender),São Paulo (SP),Bachelor / Undergraduate Student,User,Academic,,,,7,7,7,3,6,6,7,"DNA and Genomics, Phylogeny and Evolution, Proteins and Proteomics,  Artificial Intelligence and Data Science in Bioinformatics, Database and Software Development, Molecular Basis of Cancer, Didactics and Communication in Bioinformatics,  Structural Biology and Modeling,Career Mentoring in Bioinformatics",Basic
20/11/2023 10:22:54,Yes,I am brown-skinned,Woman / Female (Cisgender),Minas Gerais (MG),PhD / PhD Student,User,Academic,,,,4,5,7,2,1,1,5,"DNA and Genomics, Phylogeny and Evolution, Metagenomics and Microbiome, Proteins and Proteomics, Metabolomics and Systems Biology,  Artificial Intelligence and Data Science in Bioinformatics, Database and Software Development, Personalized Medicine,  Structural Biology and Modeling","Basic, Intermediate"
20/11/2023 10:54:04,Yes,I am white,Man / Male (Cisgender),Rio de Janeiro (RJ),Master / Master Student,Scientist,,Academic in the field of computational biology and related areas,,,3,6,6,7,7,7,7," Artificial Intelligence and Data Science in Bioinformatics, Database and Software Development",Advanced
20/11/2023 11:07:38,Yes,I prefer not to answer,Man / Male (Cisgender),Ceará (CE),PhD / PhD Student,User,Academic,,,,7,7,7,1,1,1,3,Proteins and Proteomics,Intermediate
20/11/2023 11:50:48,Yes,I am white,Woman / Female (Cisgender),Rio Grande do Sul (RS),Professor / PI,User,Academic,,,,4,7,7,4,5,4,6,"DNA and Genomics, Phylogeny and Evolution, Metagenomics and Microbiome, Database and Software Development","Basic, Intermediate"
20/11/2023 12:02:17,Yes,I am white,Woman / Female (Cisgender),Rio Grande do Sul (RS),Technician / Specialist,User,Academic,,,,4,7,5,5,7,5,6,"Metagenomics and Microbiome, Proteins and Proteomics, Metabolomics and Systems Biology, Database and Software Development",Basic
20/11/2023 13:03:04,Yes,I am white,I prefer not to answer,Rio Grande do Sul (RS),Bachelor / Undergraduate Student,User,Academic,,,,7,7,7,7,7,7,7,"DNA and Genomics, Phylogeny and Evolution, Metagenomics and Microbiome, RNA and Transcriptomics, Proteins and Proteomics,  Artificial Intelligence and Data Science in Bioinformatics,  Structural Biology and Modeling",Intermediate
20/11/2023 13:29:38,Yes,I am white,Woman / Female (Cisgender),Rio Grande do Sul (RS),Bachelor / Undergraduate Student,User,Biocuration,,,,7,5,5,5,7,5,5,"DNA and Genomics, Phylogeny and Evolution, Epigenomics,  Artificial Intelligence and Data Science in Bioinformatics, Molecular Basis of Cancer, Personalized Medicine,Career Mentoring in Bioinformatics","Basic, Intermediate"
20/11/2023 13:34:05,Yes,I am white,Man / Male (Cisgender),Rio Grande do Sul (RS),Bachelor / Undergraduate Student,User,Academic,,,,7,7,7,7,7,7,7,"DNA and Genomics, RNA and Transcriptomics, Epigenomics, Proteins and Proteomics, Molecular Basis of Cancer,  Structural Biology and Modeling",Basic
20/11/2023 13:46:26,Yes,I am white,Woman / Female (Cisgender),Rio Grande do Sul (RS),PhD / PhD Student,User,Clinical Analysis,,,,6,6,5,4,7,4,7,"DNA and Genomics, Metabolomics and Systems Biology, Molecular Basis of Cancer, Didactics and Communication in Bioinformatics","Basic, Intermediate, Advanced"
20/11/2023 13:48:58,Yes,I am white,No Binary,Rio Grande do Sul (RS),Bachelor / Undergraduate Student,User,Academic,,,,5,7,7,4,7,6,4,"Proteins and Proteomics,  Artificial Intelligence and Data Science in Bioinformatics, Molecular Basis of Cancer,  Structural Biology and Modeling",Basic
20/11/2023 13:49:22,Yes,I am white,Woman / Female (Cisgender),Rio Grande do Sul (RS),Master / Master Student,User,Academic,,,,7,4,4,7,4,4,3,"DNA and Genomics, RNA and Transcriptomics, Epigenomics, Proteins and Proteomics",Basic
20/11/2023 13:49:34,Yes,I am white,Woman / Female (Cisgender),Rio Grande do Sul (RS),Master / Master Student,User,Academic,,,,7,7,7,5,7,6,7,"DNA and Genomics, Phylogeny and Evolution, Metagenomics and Microbiome, RNA and Transcriptomics, Epigenomics, Proteins and Proteomics",Basic
20/11/2023 14:17:31,Yes,I am brown-skinned,Man / Male (Cisgender),Rio Grande do Sul (RS),Bachelor / Undergraduate Student,User,Academic,,,,7,6,6,6,7,7,5,"DNA and Genomics, Phylogeny and Evolution, RNA and Transcriptomics, Epigenomics, Proteins and Proteomics, Metabolomics and Systems Biology,  Artificial Intelligence and Data Science in Bioinformatics, Molecular Basis of Cancer,  Structural Biology and Modeling",Basic
20/11/2023 14:23:31,Yes,I am black,Woman / Female (Cisgender),Rio Grande do Sul (RS),PhD / PhD Student,Scientist,,Academic in the field of computational biology and related areas,,,7,7,7,7,7,7,7,"DNA and Genomics, RNA and Transcriptomics, Epigenomics, Molecular Basis of Cancer",Intermediate
20/11/2023 14:32:00,Yes,I am white,Woman / Female (Cisgender),Rio Grande do Sul (RS),Bachelor / Undergraduate Student,Scientist,,Academic in the field of computational biology and related areas,,,7,6,5,4,6,6,5,"DNA and Genomics, Phylogeny and Evolution, Metagenomics and Microbiome, RNA and Transcriptomics, Proteins and Proteomics, Molecular Basis of Cancer,Career Mentoring in Bioinformatics",Intermediate
20/11/2023 14:39:37,Yes,I am white,Man / Male (Cisgender),Rio Grande do Sul (RS),Master / Master Student,User,Academic,,,,2,5,7,2,7,6,7,"DNA and Genomics, Phylogeny and Evolution, Metagenomics and Microbiome, RNA and Transcriptomics, Epigenomics, Proteins and Proteomics,  Artificial Intelligence and Data Science in Bioinformatics,  Structural Biology and Modeling","Basic, Intermediate, Advanced"
20/11/2023 14:51:30,Yes,I am white,Man / Male (Cisgender),Rio Grande do Sul (RS),Bachelor / Undergraduate Student,Scientist,,Academic in the field of computational biology and related areas,,,6,7,3,1,4,4,4,"DNA and Genomics, Phylogeny and Evolution, RNA and Transcriptomics, Proteins and Proteomics, Personalized Medicine,  Structural Biology and Modeling,Career Mentoring in Bioinformatics","Basic, Intermediate"
20/11/2023 17:00:47,Yes,I am white,Woman / Female (Cisgender),Rio Grande do Sul (RS),Bachelor / Undergraduate Student,User,Professor,,,,7,7,7,7,7,7,7,"Proteins and Proteomics,  Artificial Intelligence and Data Science in Bioinformatics, Database and Software Development, Molecular Basis of Cancer, Personalized Medicine, Didactics and Communication in Bioinformatics,  Structural Biology and Modeling","Basic, Intermediate"
20/11/2023 17:09:05,Yes,I am white,Woman / Female (Cisgender),Rio Grande do Sul (RS),Bachelor / Undergraduate Student,User,Academic,,,,7,6,6,3,4,2,2,"DNA and Genomics, Phylogeny and Evolution,  Artificial Intelligence and Data Science in Bioinformatics, Database and Software Development, Didactics and Communication in Bioinformatics,  Structural Biology and Modeling,Career Mentoring in Bioinformatics",Basic
20/11/2023 18:52:00,Yes,I am white,Woman / Female (Cisgender),Rio Grande do Sul (RS),Bachelor / Undergraduate Student,User,Academic,,,,5,3,3,3,5,5,6,"DNA and Genomics, Phylogeny and Evolution, Metagenomics and Microbiome, RNA and Transcriptomics,  Structural Biology and Modeling,Career Mentoring in Bioinformatics",Intermediate
21/11/2023 07:53:17,Yes,I am brown-skinned,Man / Male (Cisgender),Rio Grande do Sul (RS),Bachelor / Undergraduate Student,User,Academic,,,,5,6,7,7,7,5,5,"DNA and Genomics, Phylogeny and Evolution,  Artificial Intelligence and Data Science in Bioinformatics,Career Mentoring in Bioinformatics",Basic
21/11/2023 08:59:06,Yes,I am white,Man / Male (Cisgender),Rio Grande do Sul (RS),Bachelor / Undergraduate Student,User,Academic,,,,5,3,5,3,2,2,2,"DNA and Genomics, Proteins and Proteomics, Metabolomics and Systems Biology, Database and Software Development, Molecular Basis of Cancer, Personalized Medicine,  Structural Biology and Modeling",Basic
21/11/2023 11:25:46,Yes,I am brown-skinned,Man / Male (Cisgender),São Paulo (SP),Posdoc,User,Academic,,,,7,7,7,7,5,7,7,"DNA and Genomics, Phylogeny and Evolution,  Artificial Intelligence and Data Science in Bioinformatics, Didactics and Communication in Bioinformatics,  Structural Biology and Modeling,Career Mentoring in Bioinformatics",Basic
21/11/2023 12:45:43,Yes,I am white,Woman / Female (Cisgender),Rio Grande do Sul (RS),Bachelor / Undergraduate Student,User,Academic,,,,7,7,5,6,7,5,5,"DNA and Genomics, Phylogeny and Evolution, Metagenomics and Microbiome, RNA and Transcriptomics, Proteins and Proteomics,  Artificial Intelligence and Data Science in Bioinformatics, Molecular Basis of Cancer,Career Mentoring in Bioinformatics","Basic, Intermediate, Advanced"
26/11/2023 17:06:33,Yes,I am white,Man / Male (Cisgender),Pernambuco (PE),Bachelor / Undergraduate Student,User,Academic,,,,7,7,7,3,2,1,5,"DNA and Genomics, RNA and Transcriptomics, Epigenomics, Proteins and Proteomics, Metabolomics and Systems Biology,  Artificial Intelligence and Data Science in Bioinformatics, Database and Software Development, Molecular Basis of Cancer,  Structural Biology and Modeling",Intermediate
27/11/2023 15:56:57,Yes,I am white,Man / Male (Cisgender),Santa Catarina (SC),Bachelor / Undergraduate Student,User,Academic,,,,6,7,7,4,7,4,7,"DNA and Genomics, Phylogeny and Evolution, RNA and Transcriptomics,  Artificial Intelligence and Data Science in Bioinformatics, Database and Software Development",Basic
29/11/2023 09:41:35,Yes,I am white,Man / Male (Cisgender),Pará (PA),Master / Master Student,User,Academic,,,,7,7,6,6,7,7,7,"DNA and Genomics, Phylogeny and Evolution, Metagenomics and Microbiome, Database and Software Development, Didactics and Communication in Bioinformatics,  Structural Biology and Modeling",Basic
30/11/2023 11:27:11,Yes,I am brown-skinned,Woman / Female (Cisgender),Minas Gerais (MG),PhD / PhD Student,User,Academic,,,,7,6,7,1,7,5,4,"RNA and Transcriptomics, Proteins and Proteomics, Metabolomics and Systems Biology,  Artificial Intelligence and Data Science in Bioinformatics, Database and Software Development, Personalized Medicine,  Structural Biology and Modeling",Basic
04/12/2023 03:15:45,No,,,,,,,,,,,,,,,,,,
08/12/2023 21:42:14,Yes,I am brown-skinned,Woman / Female (Cisgender),Minas Gerais (MG),Bachelor / Undergraduate Student,Scientist,,Academic in the field of computational biology and related areas,,,7,4,7,6,7,7,7,"DNA and Genomics, Phylogeny and Evolution, Epigenomics, Proteins and Proteomics, Molecular Basis of Cancer, Personalized Medicine,  Structural Biology and Modeling,Career Mentoring in Bioinformatics","Basic, Intermediate"
11/12/2023 08:33:50,Yes,I am yellow,Woman / Female (Cisgender),Paraná (PR),PhD / PhD Student,Developer,,,,Bioinformatics software developer/engineer,6,7,7,7,7,7,7,"Phylogeny and Evolution, Metagenomics and Microbiome, Proteins and Proteomics,  Artificial Intelligence and Data Science in Bioinformatics, Database and Software Development, Didactics and Communication in Bioinformatics,  Structural Biology and Modeling,Career Mentoring in Bioinformatics",Advanced
24/12/2023 15:08:11,Yes,I am white,Man / Male (Cisgender),São Paulo (SP),PhD / PhD Student,User,Academic,,,,4,4,3,4,5,3,3,"DNA and Genomics, Metagenomics and Microbiome, RNA and Transcriptomics, Epigenomics, Proteins and Proteomics, Metabolomics and Systems Biology, Molecular Basis of Cancer",Intermediate
03/01/2024 12:33:41,Yes,I am white,Woman / Female (Cisgender),Minas Gerais (MG),PhD / PhD Student,Scientist,,Academic in the field of computational biology and related areas,,,2,6,2,4,3,2,7,"DNA and Genomics, RNA and Transcriptomics, Epigenomics",Advanced
03/01/2024 12:45:08,Yes,I am brown-skinned,Woman / Female (Cisgender),São Paulo (SP),Posdoc,Scientist,,Academic in the field of computational biology and related areas,,,7,6,7,3,2,2,7,"DNA and Genomics, Metagenomics and Microbiome, RNA and Transcriptomics, Epigenomics,  Artificial Intelligence and Data Science in Bioinformatics, Didactics and Communication in Bioinformatics,Career Mentoring in Bioinformatics",Advanced
03/01/2024 12:47:37,Yes,I am white,Woman / Female (Cisgender),São Paulo (SP),PhD / PhD Student,User,Academic,,,,1,7,7,4,1,6,5,"DNA and Genomics, Phylogeny and Evolution, Metagenomics and Microbiome, RNA and Transcriptomics, Didactics and Communication in Bioinformatics",Intermediate
03/01/2024 13:13:23,Yes,I am brown-skinned,Man / Male (Cisgender),Pará (PA),Bachelor / Undergraduate Student,User,Academic,,,,6,7,7,6,7,6,7,"DNA and Genomics, Phylogeny and Evolution, Metagenomics and Microbiome, RNA and Transcriptomics, Epigenomics, Proteins and Proteomics, Metabolomics and Systems Biology,  Artificial Intelligence and Data Science in Bioinformatics, Database and Software Development, Molecular Basis of Cancer, Personalized Medicine, Didactics and Communication in Bioinformatics,  Structural Biology and Modeling,Career Mentoring in Bioinformatics","Basic, Intermediate, Advanced"
03/01/2024 13:19:17,Yes,I am white,Woman / Female (Cisgender),São Paulo (SP),PhD / PhD Student,User,Academic,,,,1,5,7,4,7,4,4,"DNA and Genomics, Metagenomics and Microbiome, RNA and Transcriptomics, Metabolomics and Systems Biology","Basic, Intermediate"
03/01/2024 13:38:34,Yes,I am white,Man / Male (Cisgender),Rio Grande do Sul (RS),Technician / Specialist,Developer,,,,Bioinformatics software developer/engineer,6,6,3,5,7,5,5,"DNA and Genomics, RNA and Transcriptomics",Basic
03/01/2024 13:49:35,Yes,I am white,Woman / Female (Cisgender),Distrito Federal (DF),Posdoc,Developer,,,,Bioinformatics software developer/engineer,5,7,7,7,7,7,7,"Database and Software Development, Didactics and Communication in Bioinformatics,Career Mentoring in Bioinformatics","Intermediate, Advanced"
03/01/2024 13:55:27,Yes,I am brown-skinned,Woman / Female (Cisgender),Paraná (PR),PhD / PhD Student,Scientist,,Educator in computational biology and related fields.,,,7,7,7,5,4,5,4,"DNA and Genomics, Phylogeny and Evolution, Metagenomics and Microbiome, RNA and Transcriptomics, Epigenomics,  Artificial Intelligence and Data Science in Bioinformatics, Database and Software Development, Didactics and Communication in Bioinformatics,Career Mentoring in Bioinformatics",Advanced
03/01/2024 14:49:21,Yes,I am white,Man / Male (Cisgender),Rio Grande do Norte (RN),PhD / PhD Student,Scientist,,Academic in the field of computational biology and related areas,,,3,7,3,4,2,2,3,"DNA and Genomics, Metagenomics and Microbiome, RNA and Transcriptomics, Epigenomics, Metabolomics and Systems Biology,  Artificial Intelligence and Data Science in Bioinformatics, Molecular Basis of Cancer, Personalized Medicine,Career Mentoring in Bioinformatics","Intermediate, Advanced"
03/01/2024 14:49:28,Yes,I am white,Man / Male (Cisgender),Goiás (GO),Master / Master Student,Developer,,,,Bioinformatics software developer/engineer,6,6,6,6,6,6,6,"DNA and Genomics, Phylogeny and Evolution, Metabolomics and Systems Biology,  Artificial Intelligence and Data Science in Bioinformatics, Database and Software Development, Molecular Basis of Cancer, Personalized Medicine","Intermediate, Advanced"
03/01/2024 14:53:50,Yes,I am black,Man / Male (Cisgender),Pernambuco (PE),Master / Master Student,Scientist,,Academic in the field of computational biology and related areas,,,3,7,7,6,6,6,6,"Proteins and Proteomics, Database and Software Development, Molecular Basis of Cancer,  Structural Biology and Modeling","Basic, Intermediate, Advanced"
03/01/2024 14:59:03,Yes,I am brown-skinned,Woman / Female (Cisgender),São Paulo (SP),Master / Master Student,User,Clinical Analysis,,,,5,7,7,2,7,2,7,"DNA and Genomics, Epigenomics,Career Mentoring in Bioinformatics","Basic, Intermediate"
03/01/2024 15:00:25,Yes,I am brown-skinned,Man / Male (Cisgender),Paraná (PR),Master / Master Student,User,Academic,,,,5,6,6,3,5,3,5,"DNA and Genomics, Phylogeny and Evolution, RNA and Transcriptomics, Epigenomics,  Artificial Intelligence and Data Science in Bioinformatics,Career Mentoring in Bioinformatics",Intermediate
03/01/2024 15:00:59,Yes,I am white,Man / Male (Cisgender),Minas Gerais (MG),PhD / PhD Student,User,Academic,,,,1,7,7,4,6,7,7,"DNA and Genomics, Phylogeny and Evolution, Metagenomics and Microbiome, RNA and Transcriptomics, Metabolomics and Systems Biology,  Artificial Intelligence and Data Science in Bioinformatics, Didactics and Communication in Bioinformatics,Career Mentoring in Bioinformatics","Intermediate, Advanced"
03/01/2024 15:30:17,Yes,I am black,Man / Male (Cisgender),Rondônia (RO),PhD / PhD Student,Developer,,,,Bioinformatics software developer/engineer,4,7,7,7,7,7,7,"DNA and Genomics, Metagenomics and Microbiome, RNA and Transcriptomics, Proteins and Proteomics, Metabolomics and Systems Biology,  Artificial Intelligence and Data Science in Bioinformatics, Database and Software Development, Didactics and Communication in Bioinformatics,  Structural Biology and Modeling,Career Mentoring in Bioinformatics","Intermediate, Advanced"
03/01/2024 17:04:22,Yes,I am white,Woman / Female (Cisgender),Rio Grande do Sul (RS),Bachelor / Undergraduate Student,Scientist,,Core facility scientist,,,3,5,6,1,6,5,6,"DNA and Genomics, Phylogeny and Evolution, Metagenomics and Microbiome, Database and Software Development, Personalized Medicine","Intermediate, Advanced"
03/01/2024 18:31:45,Yes,I am brown-skinned,Man / Male (Cisgender),Minas Gerais (MG),PhD / PhD Student,Scientist,,Academic in the field of computational biology and related areas,,,4,5,5,6,7,6,7,"Metagenomics and Microbiome, Epigenomics, Didactics and Communication in Bioinformatics,Career Mentoring in Bioinformatics",Advanced
03/01/2024 22:32:09,Yes,I am white,Woman / Female (Cisgender),Rio de Janeiro (RJ),Bachelor / Undergraduate Student,Scientist,,Academic in the field of computational biology and related areas,,,4,7,7,7,7,4,7," Artificial Intelligence and Data Science in Bioinformatics, Database and Software Development, Personalized Medicine,Career Mentoring in Bioinformatics","Basic, Intermediate"
04/01/2024 08:29:14,Yes,I am white,Woman / Female (Cisgender),Paraná (PR),Posdoc,Scientist,,Academic in the field of computational biology and related areas,,,2,2,3,2,3,2,2,"DNA and Genomics, Phylogeny and Evolution, Metagenomics and Microbiome, RNA and Transcriptomics,  Artificial Intelligence and Data Science in Bioinformatics,Career Mentoring in Bioinformatics",Intermediate
04/01/2024 09:06:57,Yes,I am black,Man / Male (Cisgender),Pará (PA),Professor / PI,Scientist,,Educator in computational biology and related fields.,,,6,6,7,6,7,7,7,"RNA and Transcriptomics, Epigenomics, Metabolomics and Systems Biology,  Artificial Intelligence and Data Science in Bioinformatics, Database and Software Development, Didactics and Communication in Bioinformatics,Career Mentoring in Bioinformatics",Advanced
04/01/2024 09:20:11,No,,,,,,,,,,,,,,,,,,
04/01/2024 09:22:57,Yes,I am brown-skinned,Man / Male (Cisgender),Pará (PA),Master / Master Student,Developer,,,,Bioinformatics software developer/engineer,5,7,6,6,7,5,7,"Metabolomics and Systems Biology,  Artificial Intelligence and Data Science in Bioinformatics, Database and Software Development, Molecular Basis of Cancer, Personalized Medicine,Career Mentoring in Bioinformatics",Intermediate
04/01/2024 10:16:28,Yes,I am white,Woman / Female (Cisgender),São Paulo (SP),Professor / PI,User,Academic,,,,3,2,5,3,3,5,4,"DNA and Genomics, Phylogeny and Evolution, Metagenomics and Microbiome","Basic, Intermediate"
04/01/2024 14:41:31,Yes,I am brown-skinned,Woman / Female (Cisgender),Pará (PA),Master / Master Student,Scientist,,Academic in the field of computational biology and related areas,,,6,7,7,6,7,7,7,"DNA and Genomics,  Structural Biology and Modeling","Basic, Intermediate, Advanced"
04/01/2024 18:26:15,Yes,I am brown-skinned,Man / Male (Cisgender),Amazônas (AM),Master / Master Student,Scientist,,Core facility scientist,,,3,2,2,3,3,3,3,"Phylogeny and Evolution, Metagenomics and Microbiome, RNA and Transcriptomics","Intermediate, Advanced"
05/01/2024 05:18:53,Yes,I am white,Woman / Female (Cisgender),Maranhão (MA),Posdoc,User,Academic,,,,4,6,6,3,4,5,6,"DNA and Genomics, Proteins and Proteomics,  Structural Biology and Modeling","Intermediate, Advanced"
08/01/2024 21:41:37,Yes,I am white,Man / Male (Cisgender),São Paulo (SP),PhD / PhD Student,Scientist,,Academic in the field of computational biology and related areas,,,3,7,7,1,5,3,4," Artificial Intelligence and Data Science in Bioinformatics, Database and Software Development, Personalized Medicine","Basic, Intermediate, Advanced"
11/01/2024 01:37:22,Yes,I am brown-skinned,Woman / Female (Cisgender),Rio de Janeiro (RJ),PhD / PhD Student,Scientist,,Academic in the field of computational biology and related areas,,,7,7,7,7,7,7,7,"DNA and Genomics, Phylogeny and Evolution, RNA and Transcriptomics, Proteins and Proteomics, Database and Software Development","Basic, Intermediate, Advanced"
11/01/2024 10:16:33,Yes,I am white,Man / Male (Cisgender),São Paulo (SP),PhD / PhD Student,Scientist,,Educator in computational biology and related fields.,,,7,7,7,7,7,7,7,"DNA and Genomics, Phylogeny and Evolution, RNA and Transcriptomics, Epigenomics, Proteins and Proteomics,  Artificial Intelligence and Data Science in Bioinformatics, Didactics and Communication in Bioinformatics",Advanced
12/01/2024 12:35:15,Yes,I am white,Woman / Female (Cisgender),Rio de Janeiro (RJ),PhD / PhD Student,Developer,,,,Infrastructure/support bioinformatician,2,3,6,7,7,7,7,"Epigenomics,  Artificial Intelligence and Data Science in Bioinformatics, Database and Software Development, Didactics and Communication in Bioinformatics,Career Mentoring in Bioinformatics",Advanced
07/02/2024 17:20:47,Yes,I am white,Woman / Female (Cisgender),Rio Grande do Sul (RS),Master / Master Student,Scientist,,Academic in the field of computational biology and related areas,,,5,7,7,6,6,5,5,"DNA and Genomics, Proteins and Proteomics,  Artificial Intelligence and Data Science in Bioinformatics, Personalized Medicine,  Structural Biology and Modeling",Advanced
15/02/2024 09:23:54,Yes,I am brown-skinned,Man / Male (Cisgender),Rio de Janeiro (RJ),PhD / PhD Student,Scientist,,Academic in the field of computational biology and related areas,,,6,7,7,6,7,6,7,"RNA and Transcriptomics, Metabolomics and Systems Biology,  Artificial Intelligence and Data Science in Bioinformatics, Database and Software Development,  Structural Biology and Modeling","Basic, Intermediate"
21/02/2024 20:13:46,Yes,I am brown-skinned,Man / Male (Cisgender),Paraíba (PB),PhD / PhD Student,Scientist,,Academic in the field of computational biology and related areas,,,1,3,3,1,1,2,3,"DNA and Genomics, Metagenomics and Microbiome, RNA and Transcriptomics, Metabolomics and Systems Biology,  Artificial Intelligence and Data Science in Bioinformatics, Database and Software Development","Intermediate, Advanced"
21/02/2024 20:14:13,Yes,I am white,Man / Male (Cisgender),Minas Gerais (MG),Bachelor / Undergraduate Student,User,Academic,,,,6,7,7,4,7,7,7,"DNA and Genomics, Phylogeny and Evolution, Metagenomics and Microbiome, RNA and Transcriptomics, Epigenomics, Proteins and Proteomics, Metabolomics and Systems Biology,  Artificial Intelligence and Data Science in Bioinformatics, Database and Software Development","Intermediate, Advanced"
21/02/2024 20:16:33,Yes,I am white,Woman / Female (Cisgender),São Paulo (SP),PhD / PhD Student,User,Academic,,,,2,4,3,3,4,3,4,"Phylogeny and Evolution, RNA and Transcriptomics, Proteins and Proteomics,  Structural Biology and Modeling","Intermediate, Advanced"
21/02/2024 20:29:01,Yes,I am white,Man / Male (Cisgender),Bahia (BA),Master / Master Student,User,Academic,,,,4,6,5,3,4,5,5,"DNA and Genomics, Metagenomics and Microbiome, Proteins and Proteomics,  Artificial Intelligence and Data Science in Bioinformatics, Database and Software Development",Basic
21/02/2024 21:02:31,Yes,I am brown-skinned,Man / Male (Cisgender),Ceará (CE),PhD / PhD Student,User,Academic,,,,5,7,7,5,7,7,7,"DNA and Genomics, Metagenomics and Microbiome, RNA and Transcriptomics,  Artificial Intelligence and Data Science in Bioinformatics,  Structural Biology and Modeling",Basic
21/02/2024 21:23:45,Yes,I am white,Woman / Female (Cisgender),Tocantins (TO),Master / Master Student,User,Academic,,,,5,7,7,5,6,6,6,"DNA and Genomics, Phylogeny and Evolution, Metagenomics and Microbiome,  Artificial Intelligence and Data Science in Bioinformatics, Database and Software Development",Intermediate
21/02/2024 21:29:12,Yes,I am white,Woman / Female (Cisgender),São Paulo (SP),Bachelor / Undergraduate Student,Scientist,,Academic in the field of computational biology and related areas,,,6,3,3,4,4,4,4,"DNA and Genomics, Phylogeny and Evolution, Metagenomics and Microbiome, RNA and Transcriptomics, Proteins and Proteomics, Metabolomics and Systems Biology, Database and Software Development",Basic
21/02/2024 21:58:07,Yes,I am brown-skinned,Woman / Female (Cisgender),Goiás (GO),Master / Master Student,User,Academic,,,,7,7,7,7,7,7,7,"DNA and Genomics, Metagenomics and Microbiome, RNA and Transcriptomics, Epigenomics,  Artificial Intelligence and Data Science in Bioinformatics, Database and Software Development,  Structural Biology and Modeling,Career Mentoring in Bioinformatics","Basic, Intermediate, Advanced"
21/02/2024 22:01:36,Yes,I am white,Man / Male (Cisgender),Goiás (GO),PhD / PhD Student,User,Academic,,,,7,7,6,1,7,4,7,"Proteins and Proteomics, Metabolomics and Systems Biology,  Artificial Intelligence and Data Science in Bioinformatics, Database and Software Development,  Structural Biology and Modeling",Intermediate
21/02/2024 22:19:07,Yes,I am white,Man / Male (Cisgender),São Paulo (SP),Bachelor / Undergraduate Student,User,Academic,,,,5,6,6,5,7,7,7,"DNA and Genomics, RNA and Transcriptomics, Epigenomics,  Artificial Intelligence and Data Science in Bioinformatics, Database and Software Development,  Structural Biology and Modeling",Basic
22/02/2024 01:21:08,Yes,I am black,Woman / Female (Cisgender),Bahia (BA),PhD / PhD Student,Scientist,,Academic in the field of computational biology and related areas,l 1,,3,1,2,1,6,7,7,"DNA and Genomics, Phylogeny and Evolution, RNA and Transcriptomics, Epigenomics,  Artificial Intelligence and Data Science in Bioinformatics, Molecular Basis of Cancer, Personalized Medicine, Didactics and Communication in Bioinformatics,Career Mentoring in Bioinformatics","Basic, Intermediate, Advanced"
22/02/2024 06:27:30,Yes,I am black,Man / Male (Cisgender),Rio de Janeiro (RJ),PhD / PhD Student,User,Academic,,,,5,7,7,5,7,7,7,"DNA and Genomics,  Artificial Intelligence and Data Science in Bioinformatics, Didactics and Communication in Bioinformatics,Career Mentoring in Bioinformatics","Basic, Intermediate, Advanced"
22/02/2024 06:42:53,Yes,I am brown-skinned,Woman / Female (Cisgender),Paraná (PR),Master / Master Student,User,Academic,,,,1,4,5,5,6,6,7,"Metagenomics and Microbiome, Epigenomics,  Structural Biology and Modeling","Intermediate, Advanced"
22/02/2024 07:56:45,Yes,I am white,Woman / Female (Cisgender),Minas Gerais (MG),Master / Master Student,User,Academic,,,,5,7,7,5,5,6,6,"DNA and Genomics, Phylogeny and Evolution, Metagenomics and Microbiome,  Artificial Intelligence and Data Science in Bioinformatics,Career Mentoring in Bioinformatics",Basic
22/02/2024 09:06:11,Yes,I am brown-skinned,Woman / Female (Cisgender),Bahia (BA),PhD / PhD Student,User,Academic,,,,7,5,5,4,2,2,5,"DNA and Genomics, Metagenomics and Microbiome","Basic, Intermediate"
22/02/2024 12:13:15,Yes,I am white,Woman / Female (Cisgender),Rio de Janeiro (RJ),Bachelor / Undergraduate Student,User,Academic,,,,3,7,7,7,7,4,7,"DNA and Genomics, Phylogeny and Evolution, Metagenomics and Microbiome, RNA and Transcriptomics, Epigenomics, Proteins and Proteomics, Metabolomics and Systems Biology,  Artificial Intelligence and Data Science in Bioinformatics, Database and Software Development, Molecular Basis of Cancer, Personalized Medicine,  Structural Biology and Modeling,Career Mentoring in Bioinformatics",Intermediate
22/02/2024 13:49:17,Yes,I am brown-skinned,Man / Male (Cisgender),Santa Catarina (SC),Bachelor / Undergraduate Student,Scientist,,Academic in the field of computational biology and related areas,,,7,7,7,1,4,3,4,"DNA and Genomics, RNA and Transcriptomics, Epigenomics, Proteins and Proteomics, Metabolomics and Systems Biology,  Artificial Intelligence and Data Science in Bioinformatics, Database and Software Development, Molecular Basis of Cancer, Personalized Medicine,  Structural Biology and Modeling","Intermediate, Advanced"
22/02/2024 16:07:57,Yes,I am white,Woman / Female (Cisgender),Santa Catarina (SC),Bachelor / Undergraduate Student,User,Clinical Analysis,,,,7,4,5,2,7,7,7,"DNA and Genomics, Metagenomics and Microbiome, RNA and Transcriptomics, Epigenomics, Proteins and Proteomics, Metabolomics and Systems Biology, Molecular Basis of Cancer, Personalized Medicine,  Structural Biology and Modeling",Basic
22/02/2024 17:21:05,Yes,I am white,Man / Male (Cisgender),Santa Catarina (SC),Bachelor / Undergraduate Student,Scientist,,Academic in the field of computational biology and related areas,,,4,7,5,1,7,3,7,"DNA and Genomics, Metagenomics and Microbiome,Career Mentoring in Bioinformatics","Basic, Intermediate"
24/02/2024 11:56:49,Yes,I am white,Man / Male (Cisgender),São Paulo (SP),Bachelor / Undergraduate Student,User,Clinical Analysis,,,,5,6,7,5,7,7,7,"DNA and Genomics, Metagenomics and Microbiome, RNA and Transcriptomics, Epigenomics, Proteins and Proteomics, Metabolomics and Systems Biology,  Artificial Intelligence and Data Science in Bioinformatics, Database and Software Development, Molecular Basis of Cancer, Personalized Medicine, Didactics and Communication in Bioinformatics,  Structural Biology and Modeling,Career Mentoring in Bioinformatics",Intermediate
28/02/2024 11:09:37,Yes,I am white,Woman / Female (Cisgender),Rio Grande do Sul (RS),Bachelor / Undergraduate Student,User,Academic,,,,5,7,7,3,5,4,6,"Proteins and Proteomics, Metabolomics and Systems Biology, Personalized Medicine",Basic
19/03/2024 19:41:30,Yes,I am brown-skinned,Woman / Female (Cisgender),Rio de Janeiro (RJ),Bachelor / Undergraduate Student,Scientist,,Academic in the field of computational biology and related areas,,,5,6,7,5,7,7,7,"DNA and Genomics, Phylogeny and Evolution,  Artificial Intelligence and Data Science in Bioinformatics, Didactics and Communication in Bioinformatics,  Structural Biology and Modeling",Intermediate
24/03/2024 22:39:22,Yes,I am black,Binary,Rio Grande do Sul (RS),PhD / PhD Student,User,Academic,,,,5,6,4,6,7,6,5,"DNA and Genomics, RNA and Transcriptomics, Epigenomics, Proteins and Proteomics, Metabolomics and Systems Biology, Molecular Basis of Cancer,  Structural Biology and Modeling",Intermediate
25/03/2024 19:21:52,Yes,I am brown-skinned,Woman / Female (Cisgender),Pará (PA),Master / Master Student,Developer,,,,Bioinformatics software developer/engineer,6,1,7,3,7,4,4,"DNA and Genomics, Phylogeny and Evolution, Metagenomics and Microbiome, RNA and Transcriptomics, Epigenomics,  Artificial Intelligence and Data Science in Bioinformatics, Database and Software Development, Molecular Basis of Cancer, Personalized Medicine, Didactics and Communication in Bioinformatics","Intermediate, Advanced"
25/03/2024 19:50:43,Yes,I am white,Man / Male (Cisgender),Pernambuco (PE),PhD / PhD Student,Scientist,,Educator in computational biology and related fields.,,,1,3,3,1,3,1,1,"DNA and Genomics, Phylogeny and Evolution, Proteins and Proteomics,  Artificial Intelligence and Data Science in Bioinformatics,  Structural Biology and Modeling",Intermediate
25/03/2024 20:02:20,Yes,I am black,Man / Male (Cisgender),Minas Gerais (MG),Master / Master Student,User,Clinical Analysis,,,,4,2,2,4,4,4,4,"DNA and Genomics, Phylogeny and Evolution, Metagenomics and Microbiome, RNA and Transcriptomics, Epigenomics, Proteins and Proteomics,  Artificial Intelligence and Data Science in Bioinformatics, Molecular Basis of Cancer, Personalized Medicine",Basic
25/03/2024 20:08:22,Yes,I am white,Woman / Female (Cisgender),Rio de Janeiro (RJ),Master / Master Student,User,Academic,,,,7,7,7,4,7,5,5,"DNA and Genomics, Metagenomics and Microbiome, RNA and Transcriptomics, Molecular Basis of Cancer","Basic, Intermediate"
25/03/2024 20:11:48,Yes,I am white,Woman / Female (Cisgender),Bahia (BA),Bachelor / Undergraduate Student,User,Academic,,,,5,6,7,7,7,7,7,"DNA and Genomics, Phylogeny and Evolution, RNA and Transcriptomics, Database and Software Development, Didactics and Communication in Bioinformatics,  Structural Biology and Modeling",Basic
25/03/2024 20:30:16,Yes,I am brown-skinned,Woman / Female (Cisgender),Maranhão (MA),Master / Master Student,User,Academic,,,,7,7,7,7,7,7,7,"DNA and Genomics, Phylogeny and Evolution, Metagenomics and Microbiome, Database and Software Development",Basic
25/03/2024 20:42:17,Yes,I am white,Woman / Female (Cisgender),São Paulo (SP),PhD / PhD Student,User,Academic,,,,3,4,4,2,4,2,4,"DNA and Genomics, Phylogeny and Evolution, RNA and Transcriptomics, Proteins and Proteomics,  Structural Biology and Modeling",Basic
25/03/2024 20:57:01,Yes,I am black,Man / Male (Cisgender),São Paulo (SP),PhD / PhD Student,User,Academic,,,,7,5,7,1,5,3,3,Structural Biology and Modeling,Basic
25/03/2024 20:57:32,Yes,I am white,Woman / Female (Cisgender),São Paulo (SP),Bachelor / Undergraduate Student,User,Clinical Analysis,,,,7,7,7,7,7,7,7,"DNA and Genomics, Proteins and Proteomics,  Artificial Intelligence and Data Science in Bioinformatics, Database and Software Development,  Structural Biology and Modeling,Career Mentoring in Bioinformatics",Basic
25/03/2024 21:05:22,Yes,I am brown-skinned,Man / Male (Cisgender),Rio Grande do Norte (RN),PhD / PhD Student,User,Clinical Analysis,,,,5,7,7,3,7,3,7,"DNA and Genomics, Phylogeny and Evolution, RNA and Transcriptomics, Proteins and Proteomics,  Artificial Intelligence and Data Science in Bioinformatics, Database and Software Development,  Structural Biology and Modeling","Basic, Intermediate, Advanced"
25/03/2024 21:29:11,Yes,I am brown-skinned,Woman / Female (Cisgender),Rio Grande do Sul (RS),PhD / PhD Student,User,Academic,,,,5,7,4,4,6,4,7,"DNA and Genomics, RNA and Transcriptomics, Epigenomics, Proteins and Proteomics, Metabolomics and Systems Biology,  Artificial Intelligence and Data Science in Bioinformatics, Database and Software Development, Molecular Basis of Cancer, Personalized Medicine,  Structural Biology and Modeling",Intermediate
25/03/2024 22:02:21,Yes,I am white,Woman / Female (Cisgender),Rio de Janeiro (RJ),Bachelor / Undergraduate Student,User,Academic,,,,7,5,2,5,7,3,7,"DNA and Genomics, Phylogeny and Evolution, RNA and Transcriptomics, Epigenomics, Proteins and Proteomics, Molecular Basis of Cancer,  Structural Biology and Modeling,Career Mentoring in Bioinformatics",Basic
25/03/2024 22:34:48,Yes,I am black,Man / Male (Cisgender),Rio de Janeiro (RJ),PhD / PhD Student,User,Academic,,,,2,5,5,1,1,1,1," Artificial Intelligence and Data Science in Bioinformatics, Didactics and Communication in Bioinformatics,Career Mentoring in Bioinformatics","Basic, Intermediate"
26/03/2024 14:40:26,Yes,I am brown-skinned,Woman / Female (Cisgender),Pará (PA),PhD / PhD Student,Scientist,,Educator in computational biology and related fields.,"Educator in bioinformatics (Genomics, metagenomics, and DNA metabarcoding).",,5,5,6,5,6,6,6,"Metagenomics and Microbiome, Metabolomics and Systems Biology,  Artificial Intelligence and Data Science in Bioinformatics, Database and Software Development, Didactics and Communication in Bioinformatics,Career Mentoring in Bioinformatics",Advanced
26/03/2024 19:00:55,Yes,I am white,Woman / Female (Cisgender),São Paulo (SP),Posdoc,Scientist,,Core facility scientist,,,7,7,7,7,7,7,7,"DNA and Genomics, Metagenomics and Microbiome, RNA and Transcriptomics, Epigenomics, Proteins and Proteomics, Metabolomics and Systems Biology,  Artificial Intelligence and Data Science in Bioinformatics,Career Mentoring in Bioinformatics",Basic
26/03/2024 19:33:32,Yes,I am black,Woman / Female (Cisgender),Mato Grosso do Sul (MS),Bachelor / Undergraduate Student,Scientist,,Academic in the field of computational biology and related areas,,,4,6,7,6,7,7,7,"DNA and Genomics, RNA and Transcriptomics, Epigenomics, Proteins and Proteomics, Molecular Basis of Cancer, Personalized Medicine,  Structural Biology and Modeling,Career Mentoring in Bioinformatics","Basic, Intermediate, Advanced"
28/03/2024 14:54:37,Yes,I am brown-skinned,Man / Male (Cisgender),Pará (PA),PhD / PhD Student,User,Academic,,,,6,7,7,4,7,4,5,"DNA and Genomics, RNA and Transcriptomics, Epigenomics,  Structural Biology and Modeling",Basic
28/03/2024 14:55:35,Yes,I am white,Woman / Female (Cisgender),Pará (PA),Bachelor / Undergraduate Student,Scientist,,Academic in the field of computational biology and related areas,,,2,3,3,2,3,2,2,"DNA and Genomics, Metagenomics and Microbiome,  Artificial Intelligence and Data Science in Bioinformatics, Database and Software Development, Molecular Basis of Cancer, Personalized Medicine,  Structural Biology and Modeling,Career Mentoring in Bioinformatics",Intermediate
28/03/2024 14:59:58,Yes,I am brown-skinned,Man / Male (Cisgender),Pará (PA),Master / Master Student,User,Professor,,,,3,3,3,3,3,3,3,"DNA and Genomics, Phylogeny and Evolution, Metagenomics and Microbiome, Proteins and Proteomics,  Structural Biology and Modeling",Intermediate
28/03/2024 15:01:14,Yes,I am white,Woman / Female (Cisgender),Rio Grande do Sul (RS),Bachelor / Undergraduate Student,User,Academic,,,,7,7,7,7,7,7,7,"DNA and Genomics, Phylogeny and Evolution, Metagenomics and Microbiome, RNA and Transcriptomics, Epigenomics, Proteins and Proteomics, Metabolomics and Systems Biology,  Artificial Intelligence and Data Science in Bioinformatics, Database and Software Development, Molecular Basis of Cancer, Personalized Medicine,  Structural Biology and Modeling,Career Mentoring in Bioinformatics","Basic, Intermediate, Advanced"
28/03/2024 15:02:13,Yes,I am white,Woman / Female (Cisgender),São Paulo (SP),Bachelor / Undergraduate Student,User,Clinical Analysis,,,,3,4,3,1,2,2,3,"RNA and Transcriptomics, Proteins and Proteomics,  Artificial Intelligence and Data Science in Bioinformatics, Database and Software Development,  Structural Biology and Modeling,Career Mentoring in Bioinformatics",Basic
28/03/2024 15:06:32,Yes,I am brown-skinned,Woman / Female (Cisgender),Pará (PA),Bachelor / Undergraduate Student,User,Academic,,,,1,1,1,1,1,1,1,"DNA and Genomics, RNA and Transcriptomics,  Structural Biology and Modeling,Career Mentoring in Bioinformatics",Basic
28/03/2024 15:12:11,Yes,I am white,Man / Male (Transgender),São Paulo (SP),Bachelor / Undergraduate Student,User,Academic,,,,5,5,5,5,5,5,5," Artificial Intelligence and Data Science in Bioinformatics, Database and Software Development, Molecular Basis of Cancer, Personalized Medicine, Didactics and Communication in Bioinformatics",Basic
28/03/2024 15:19:44,Yes,I am brown-skinned,Woman / Female (Cisgender),Amazônas (AM),Bachelor / Undergraduate Student,Developer,,,,Bioinformatics software developer/engineer,2,3,3,3,2,2,3,"DNA and Genomics,  Artificial Intelligence and Data Science in Bioinformatics, Database and Software Development, Personalized Medicine,Career Mentoring in Bioinformatics","Basic, Intermediate, Advanced"
28/03/2024 15:51:39,Yes,I am brown-skinned,Woman / Female (Cisgender),Pará (PA),Bachelor / Undergraduate Student,User,Academic,,,,7,7,2,3,6,4,5,"Metagenomics and Microbiome, RNA and Transcriptomics,  Artificial Intelligence and Data Science in Bioinformatics, Molecular Basis of Cancer,  Structural Biology and Modeling,Career Mentoring in Bioinformatics","Basic, Intermediate"
28/03/2024 16:04:50,Yes,I am white,Woman / Female (Cisgender),São Paulo (SP),Bachelor / Undergraduate Student,User,Academic,,,,5,7,6,4,4,4,4,"DNA and Genomics, Metagenomics and Microbiome, RNA and Transcriptomics, Epigenomics,  Structural Biology and Modeling","Basic, Intermediate"
28/03/2024 16:24:54,Yes,I am brown-skinned,Man / Male (Cisgender),Pará (PA),PhD / PhD Student,Developer,,,,Bioinformatics software developer/engineer,4,5,2,3,2,2,3,"Phylogeny and Evolution,  Artificial Intelligence and Data Science in Bioinformatics, Database and Software Development, Molecular Basis of Cancer, Personalized Medicine, Didactics and Communication in Bioinformatics,Career Mentoring in Bioinformatics","Intermediate, Advanced"
28/03/2024 16:41:58,Yes,I am brown-skinned,Man / Male (Cisgender),São Paulo (SP),Master / Master Student,User,Academic,,,,3,3,3,1,3,2,2,"DNA and Genomics, RNA and Transcriptomics, Epigenomics, Proteins and Proteomics,  Artificial Intelligence and Data Science in Bioinformatics, Database and Software Development,  Structural Biology and Modeling",Basic
28/03/2024 16:49:24,Yes,I am white,Man / Male (Cisgender),Paraná (PR),PhD / PhD Student,User,Academic,,,,4,5,4,2,7,4,4,"DNA and Genomics, Phylogeny and Evolution, Metagenomics and Microbiome","Basic, Intermediate"
28/03/2024 17:18:42,Yes,I am white,Woman / Female (Cisgender),Rio de Janeiro (RJ),Master / Master Student,Scientist,,Academic in the field of computational biology and related areas,,,5,7,7,5,6,5,6,"DNA and Genomics, Phylogeny and Evolution, RNA and Transcriptomics,  Artificial Intelligence and Data Science in Bioinformatics","Intermediate, Advanced"
28/03/2024 17:57:49,Yes,I am brown-skinned,Man / Male (Cisgender),Pará (PA),Master / Master Student,User,Clinical Analysis,,,,5,7,7,2,7,5,7,"DNA and Genomics, Phylogeny and Evolution, Metagenomics and Microbiome, RNA and Transcriptomics, Epigenomics, Proteins and Proteomics,  Structural Biology and Modeling",Intermediate
28/03/2024 18:23:01,Yes,I am white,Woman / Female (Cisgender),São Paulo (SP),Master / Master Student,User,Academic,,,,1,3,2,3,3,2,3,"DNA and Genomics, RNA and Transcriptomics, Proteins and Proteomics,  Artificial Intelligence and Data Science in Bioinformatics, Database and Software Development",Advanced
28/03/2024 18:44:46,Yes,I am white,Woman / Female (Cisgender),São Paulo (SP),Master / Master Student,Scientist,,Academic in the field of computational biology and related areas,,,1,7,7,3,3,4,5,"DNA and Genomics, Phylogeny and Evolution, RNA and Transcriptomics, Metabolomics and Systems Biology,  Artificial Intelligence and Data Science in Bioinformatics,  Structural Biology and Modeling","Basic, Intermediate"
28/03/2024 18:57:17,Yes,I am brown-skinned,Man / Male (Cisgender),Pará (PA),Bachelor / Undergraduate Student,Scientist,,Academic in the field of computational biology and related areas,,,7,7,7,6,7,7,7,"DNA and Genomics, RNA and Transcriptomics,  Artificial Intelligence and Data Science in Bioinformatics, Database and Software Development, Molecular Basis of Cancer, Personalized Medicine",Intermediate
28/03/2024 20:47:26,Yes,I am black,Woman / Female (Cisgender),Bahia (BA),Bachelor / Undergraduate Student,Scientist,,Academic in the field of computational biology and related areas,,,7,7,7,6,6,6,7,"DNA and Genomics, Phylogeny and Evolution, RNA and Transcriptomics, Proteins and Proteomics,  Structural Biology and Modeling","Basic, Intermediate"
28/03/2024 21:27:40,Yes,I am black,Woman / Female (Cisgender),Rio Grande do Sul (RS),Bachelor / Undergraduate Student,Developer,,,,Bioinformatics software developer/engineer,7,6,7,4,6,5,6,"DNA and Genomics, Metagenomics and Microbiome,  Artificial Intelligence and Data Science in Bioinformatics, Database and Software Development, Personalized Medicine,  Structural Biology and Modeling","Basic, Intermediate, Advanced"
31/03/2024 00:01:52,Yes,I am brown-skinned,Woman / Female (Cisgender),Bahia (BA),Bachelor / Undergraduate Student,User,Academic,,,,6,6,7,4,7,5,7," Structural Biology and Modeling,Career Mentoring in Bioinformatics",Basic
31/03/2024 19:37:55,No,,,,,,,,,,,,,,,,,,
01/04/2024 09:17:46,Yes,I am white,Woman / Female (Cisgender),São Paulo (SP),Master / Master Student,Scientist,,Academic in the field of computational biology and related areas,,,7,7,6,6,7,7,7,"Metagenomics and Microbiome, RNA and Transcriptomics, Proteins and Proteomics, Metabolomics and Systems Biology,  Artificial Intelligence and Data Science in Bioinformatics, Didactics and Communication in Bioinformatics,  Structural Biology and Modeling,Career Mentoring in Bioinformatics","Basic, Intermediate"
01/04/2024 10:45:46,Yes,I am white,Woman / Female (Cisgender),Minas Gerais (MG),PhD / PhD Student,Scientist,,Academic in the field of computational biology and related areas,,,6,7,6,5,7,6,7,"DNA and Genomics, Phylogeny and Evolution, Metagenomics and Microbiome,  Artificial Intelligence and Data Science in Bioinformatics, Database and Software Development,  Structural Biology and Modeling,Career Mentoring in Bioinformatics","Intermediate, Advanced"
02/04/2024 01:27:20,Yes,I am brown-skinned,Woman / Female (Cisgender),Bahia (BA),PhD / PhD Student,User,Academic,,,,7,4,4,2,2,2,6,"DNA and Genomics, Metagenomics and Microbiome,  Artificial Intelligence and Data Science in Bioinformatics,Career Mentoring in Bioinformatics","Basic, Intermediate"
03/04/2024 13:03:39,Yes,I am brown-skinned,Woman / Female (Cisgender),São Paulo (SP),Posdoc,Scientist,,Academic in the field of computational biology and related areas,,,5,6,5,5,5,5,7,"Epigenomics, Proteins and Proteomics,Career Mentoring in Bioinformatics",Advanced
03/04/2024 13:04:43,Yes,I am white,Man / Male (Cisgender),São Paulo (SP),Posdoc,User,Academic,,,,7,7,7,7,7,7,7,"DNA and Genomics, Phylogeny and Evolution, RNA and Transcriptomics, Epigenomics, Proteins and Proteomics,  Artificial Intelligence and Data Science in Bioinformatics,Career Mentoring in Bioinformatics",Intermediate
03/04/2024 14:15:23,Yes,I am brown-skinned,Man / Male (Transgender),Rio de Janeiro (RJ),Professor / PI,User,Academic,,,,1,4,6,1,4,5,6,"Phylogeny and Evolution, Proteins and Proteomics, Metabolomics and Systems Biology,  Artificial Intelligence and Data Science in Bioinformatics, Molecular Basis of Cancer,  Structural Biology and Modeling",Advanced
03/04/2024 14:19:42,Yes,I am brown-skinned,Man / Male (Cisgender),São Paulo (SP),Master / Master Student,Scientist,,Academic in the field of computational biology and related areas,,,7,5,5,5,4,3,3,"DNA and Genomics, RNA and Transcriptomics, Proteins and Proteomics",Basic
03/04/2024 15:11:06,Yes,I am brown-skinned,Man / Male (Cisgender),Rondônia (RO),PhD / PhD Student,Developer,,,,Infrastructure/support bioinformatician,2,6,5,7,5,7,7,"Phylogeny and Evolution, Metabolomics and Systems Biology,  Artificial Intelligence and Data Science in Bioinformatics, Personalized Medicine, Didactics and Communication in Bioinformatics",Advanced
03/04/2024 15:38:12,Yes,I am brown-skinned,I prefer not to answer,São Paulo (SP),PhD / PhD Student,Scientist,,Academic in the field of computational biology and related areas,,,7,7,6,6,6,4,7,"Metabolomics and Systems Biology, Database and Software Development, Didactics and Communication in Bioinformatics,Career Mentoring in Bioinformatics",Advanced
03/04/2024 17:15:51,Yes,I am white,Woman / Female (Cisgender),Paraná (PR),PhD / PhD Student,Developer,,,,Bioinformatics software developer/engineer,2,7,1,2,3,3,7,"RNA and Transcriptomics, Metabolomics and Systems Biology,  Artificial Intelligence and Data Science in Bioinformatics, Database and Software Development, Personalized Medicine, Didactics and Communication in Bioinformatics",Advanced
03/04/2024 18:54:33,Yes,I am white,Woman / Female (Cisgender),São Paulo (SP),PhD / PhD Student,User,Academic,,,,4,7,7,5,6,4,6,"DNA and Genomics, Phylogeny and Evolution, Metagenomics and Microbiome, RNA and Transcriptomics,  Artificial Intelligence and Data Science in Bioinformatics, Database and Software Development","Basic, Intermediate"
03/04/2024 19:29:36,Yes,I am white,Woman / Female (Cisgender),Espírito Santo (ES),Professor / PI,Scientist,,Biotecnologist professor,,,1,3,2,1,2,2,3," Artificial Intelligence and Data Science in Bioinformatics, Personalized Medicine",Intermediate
03/04/2024 19:59:56,Yes,I am brown-skinned,Woman / Female (Cisgender),Resido fora do Brasil,Master / Master Student,Scientist,,Core facility scientist,,,1,7,3,3,5,4,7,"DNA and Genomics, RNA and Transcriptomics, Epigenomics, Metabolomics and Systems Biology, Database and Software Development, Personalized Medicine","Intermediate, Advanced"
03/04/2024 20:10:04,Yes,I am white,Man / Male (Cisgender),São Paulo (SP),Bachelor / Undergraduate Student,Scientist,,Academic in the field of computational biology and related areas,,,6,4,4,4,5,5,4,"DNA and Genomics, Phylogeny and Evolution, Metagenomics and Microbiome, Proteins and Proteomics, Metabolomics and Systems Biology, Personalized Medicine",Basic
03/04/2024 20:21:05,Yes,I am white,Man / Male (Cisgender),Pernambuco (PE),Master / Master Student,Scientist,,Academic in the field of computational biology and related areas,,,5,6,5,5,7,7,7,"DNA and Genomics, RNA and Transcriptomics, Epigenomics, Proteins and Proteomics,  Artificial Intelligence and Data Science in Bioinformatics, Database and Software Development,Career Mentoring in Bioinformatics","Intermediate, Advanced"
03/04/2024 20:26:26,Yes,I am white,Woman / Female (Cisgender),Ceará (CE),Posdoc,Scientist,,Genomic analyst,,,1,3,3,2,3,2,3,"DNA and Genomics, Epigenomics,  Artificial Intelligence and Data Science in Bioinformatics, Molecular Basis of Cancer, Personalized Medicine","Basic, Intermediate"
03/04/2024 20:38:55,Yes,I am white,No Binary,Resido fora do Brasil,PhD / PhD Student,Scientist,,Academic in the field of computational biology and related areas,,,7,7,7,2,7,6,7,"DNA and Genomics, RNA and Transcriptomics, Epigenomics,  Artificial Intelligence and Data Science in Bioinformatics, Database and Software Development, Molecular Basis of Cancer, Personalized Medicine, Didactics and Communication in Bioinformatics,Career Mentoring in Bioinformatics",Advanced
03/04/2024 22:05:22,No,,,,,,,,,,,,,,,,,,
03/04/2024 22:09:30,Yes,I am white,Woman / Female (Cisgender),Rio de Janeiro (RJ),Bachelor / Undergraduate Student,Scientist,,Academic in the field of computational biology and related areas,,,4,7,7,5,4,3,6," Artificial Intelligence and Data Science in Bioinformatics, Database and Software Development, Personalized Medicine","Basic, Intermediate"
04/04/2024 06:25:24,Yes,I am brown-skinned,Man / Male (Cisgender),Pará (PA),Professor / PI,Scientist,,Academic in the field of computational biology and related areas,,,1,3,3,1,3,1,1,"DNA and Genomics, Metagenomics and Microbiome,  Structural Biology and Modeling",Intermediate
04/04/2024 09:02:57,Yes,I am white,Man / Male (Cisgender),São Paulo (SP),PhD / PhD Student,Developer,,,,Bioinformatics software developer/engineer,7,6,7,7,7,5,7,"DNA and Genomics, RNA and Transcriptomics, Epigenomics,  Artificial Intelligence and Data Science in Bioinformatics, Didactics and Communication in Bioinformatics,Career Mentoring in Bioinformatics",Advanced
05/04/2024 09:03:13,Yes,I am brown-skinned,Man / Male (Cisgender),Rio Grande do Sul (RS),Master / Master Student,User,Academic,,,,5,6,6,5,7,7,6,"DNA and Genomics, RNA and Transcriptomics,  Artificial Intelligence and Data Science in Bioinformatics, Molecular Basis of Cancer, Personalized Medicine,Career Mentoring in Bioinformatics",Basic
05/04/2024 09:55:23,Yes,I am white,Woman / Female (Cisgender),São Paulo (SP),PhD / PhD Student,Scientist,,Academic in the field of computational biology and related areas,,,7,5,4,2,3,2,2,"DNA and Genomics, Phylogeny and Evolution, Metagenomics and Microbiome, RNA and Transcriptomics, Epigenomics, Proteins and Proteomics, Metabolomics and Systems Biology,  Artificial Intelligence and Data Science in Bioinformatics",Intermediate